_embedded_show_id,_embedded_show_url,_embedded_show_name,_embedded_show_type,_embedded_show_language,_embedded_show_genres,_embedded_show_status,_embedded_show_runtime,_embedded_show_averageRuntime,_embedded_show_premiered,_embedded_show_ended,_embedded_show_officialSite,_embedded_show_weight,_embedded_show_network,_embedded_show_dvdCountry,_embedded_show_summary,_embedded_show_updated
41648,https://www.tvmaze.com/shows/41648/sim-for-you,Sim for You,Reality,Korean,[],Running,16.0,16.0,2019-03-25,,https://www.vlive.tv/video/121637,71,,,<p><b>Sim for You</b> is a reality series that chronicles each EXO member's life and reveal stories from their everyday life as a series.</p>,1608499007
49422,https://www.tvmaze.com/shows/49422/serlok-v-rossii,Шерлок в России,Scripted,Russian,"['Crime', 'Mystery']",To Be Determined,52.0,51.0,2020-10-22,,https://start.ru/watch/sherlok-v-rossii,38,,,,1643090522
51065,https://www.tvmaze.com/shows/51065/stand-up-autsajd,Stand Up Аутсайд,Variety,Russian,[],Ended,40.0,28.0,2020-10-13,2020-12-31,https://premier.one/show/13734,3,,,<p>Solo performances of stand-up comedians from the underground and popular TV and Internet projects. Each new release is a new concert with its own atmosphere and humor.</p>,1616719192
52933,https://www.tvmaze.com/shows/52933/lab-s-antonom-belaevym,LAB с Антоном Беляевым,Documentary,Russian,['Music'],Running,26.0,25.0,2019-12-17,,https://hd.kinopoisk.ru/film/41a971dd517a30f9b86d20def219c326,15,"{'id': 308, 'name': 'ТНТ', 'country': {'name': 'Russian Federation', 'code': 'RU', 'timezone': 'Asia/Kamchatka'}, 'officialSite': None}",,<p>Russian music artists reveal themselves from unexpected sides in the Anton Belyaev's show.</p>,1641807804
51336,https://www.tvmaze.com/shows/51336/core-sense,Core Sense,Animation,Chinese,"['Action', 'Anime', 'Science-Fiction']",Running,24.0,24.0,2020-10-13,,https://www.bilibili.com/bangumi/media/md28223064,37,,,"<p>The power of beginnings, the energy of the core stone; one may find it good, one may find it evil. During a normal investigation, Yue Juntian finds himself drawn into the battle between the 'beginnings' of Yun City; Jiang Xin arrives in Yun City to stop Li Zunyuan's plan to take over. The two influence each other - one solves the mystery of their birth, the other redeems themselves. Together, they oppose Li Zunyuan.<br /> </p>",1604587119
54033,https://www.tvmaze.com/shows/54033/wu-shen-zhu-zai,Wu Shen Zhu Zai,Animation,Chinese,"['Action', 'Adventure', 'Anime', 'Fantasy']",Running,8.0,8.0,2020-03-08,,https://v.qq.com/detail/m/7q544xyrava3vxf.html,76,,,"<p>The protagonist Qin Chen, who was originally the top genius in the military domain, was conspired by the people to fall into the death canyon in the forbidden land of the mainland. Qin Chen, who was inevitably dead, unexpectedly triggered the power of the mysterious ancient sword.<br /><br />Three hundred years later, in a remote part of the Tianwu mainland, a boy of the same name accidentally inherited Qin Chen's will. As the beloved grandson of King Dingwu of the Daqi National Army, due to the birth father's birth, the mother and son were treated coldly in Dingwu's palace and lived together. In order to rewrite the myth of the strong man in hope of the sun, and to protect everything he loves, Qin Chen resolutely took up the responsibility of maintaining the five kingdoms of the world and set foot on the road of martial arts again.</p>",1649423444
55002,https://www.tvmaze.com/shows/55002/no-turning-back-romance,No Turning Back Romance,Scripted,Korean,[],Ended,,12.0,2020-12-08,2021-01-06,,20,,,"<p>A teen romance of So Dam, a sixteen-year-old girl, who has never dated before but she receives her first-ever love confession from a mysterious boy. She is looking for the boy who secretly confessed to her while she was asleep on her desk. The clues include a male voice, mango fruit scent and gym uniform. She must piece the puzzle to find that person among the likely candidates that include hot shots Park Ji Hoo, Jeong Han Kyul, and Joo In Hyuk.</p>",1621617231
54762,https://www.tvmaze.com/shows/54762/youths-in-the-breeze,Youths in the Breeze,Scripted,Chinese,"['Drama', 'Fantasy']",Ended,7.0,7.0,2020-12-13,2020-12-22,https://v.youku.com/v_show/id_XNDk4OTUxMzg1Mg==.html?spm=a2hbt.13141534.0.13141534&s=6eefbfbd4befbfbd32ef,28,,,"<p>The play consists of three youth stories. ""He and Meow"": The cat Jiang Xiao Kui and his owner Jiang Qing from the cat kingdom live a happy life. Until Jiang Qing's younger brother Jiang Xia returned home. Xia, who was allergic to cats, and Jiang Xiao Kui, who hated his younger brother, started a battle over sister's favor. ""Full-time rival"": Xu Tian Yi and Li Shi Lin, who had been at odds for a long time, reunited during the summer sprint training. In the process of competing against each other, their misunderstanding was resolved. Just when the two worked together to enter the team, an accident happened. ""The Man in the Story"": Yu Sheng, a young man, accidentally discovered that he turned out to be a character in Xu Mo's novel. After learning about the tragic ending of himself and his sister, he came to the real world to fight with the writer in an attempt to change his destiny.</p><p><br /> </p>",1618466682
54762,https://www.tvmaze.com/shows/54762/youths-in-the-breeze,Youths in the Breeze,Scripted,Chinese,"['Drama', 'Fantasy']",Ended,7.0,7.0,2020-12-13,2020-12-22,https://v.youku.com/v_show/id_XNDk4OTUxMzg1Mg==.html?spm=a2hbt.13141534.0.13141534&s=6eefbfbd4befbfbd32ef,28,,,"<p>The play consists of three youth stories. ""He and Meow"": The cat Jiang Xiao Kui and his owner Jiang Qing from the cat kingdom live a happy life. Until Jiang Qing's younger brother Jiang Xia returned home. Xia, who was allergic to cats, and Jiang Xiao Kui, who hated his younger brother, started a battle over sister's favor. ""Full-time rival"": Xu Tian Yi and Li Shi Lin, who had been at odds for a long time, reunited during the summer sprint training. In the process of competing against each other, their misunderstanding was resolved. Just when the two worked together to enter the team, an accident happened. ""The Man in the Story"": Yu Sheng, a young man, accidentally discovered that he turned out to be a character in Xu Mo's novel. After learning about the tragic ending of himself and his sister, he came to the real world to fight with the writer in an attempt to change his destiny.</p><p><br /> </p>",1618466682
55016,https://www.tvmaze.com/shows/55016/ling-jian-zun,Ling Jian Zun,Animation,Chinese,['Anime'],Running,10.0,10.0,2019-01-15,,https://v.qq.com/x/cover/2w2legt0g8z26al.html,45,,,"<p>The strong man was attacked and returned to his youth. He became the weakest waste young lord. He will never let go of the enemy of the previous life in this life and must make up the regret of the previous life in this life! By the time the Spirit Sword is powerful, the protagonist will be supreme in the three worlds between heaven and earth! If there is someone doesn't obey him, he will kill him with the sword!</p><p><br /> </p>",1640703283
57339,https://www.tvmaze.com/shows/57339/mafia-nights,Mafia Nights,Reality,Persian,[],Running,90.0,90.0,2020-11-17,,,38,,,"<p><b>Mafia Nights</b> is an Iranian television series in the family, social and enigmatic genres, directed by Saeid Aboutaleb. This series is based on the Mafia game. In each season of this series, one of the film and television actors invites 12 of his friends to play Mafia, and they, together with Mohammad Reza Alimardani, who is called the leader or organizer of the game, make the game completely real without the intervention of the directing team. They do. It started broadcasting on Tuesday, November 18, 2020 on the home theater network and will be distributed weekly on Tuesdays.</p><p><br /> </p>",1650750129
47027,https://www.tvmaze.com/shows/47027/vmeste-intervu,вМесте. Интервью,Talk Show,Russian,[],Running,25.0,26.0,2017-12-02,,http://vmesteproject.ru/intervue/,13,,,,1651183202
50752,https://www.tvmaze.com/shows/50752/stjernestov,Stjernestøv,Scripted,Norwegian,"['Drama', 'Children', 'Family']",Ended,20.0,20.0,2020-12-01,2020-12-24,https://tv.nrk.no/serie/stjernestoev,22,,,"<p>The parents get divorced and Jo has to move to a new place. One day, Nordstjerna goes out, and Jo discovers that a girl with magical powers lives in the attic.</p>",1611436842
26268,https://www.tvmaze.com/shows/26268/slepaa,Слепая,Scripted,Russian,['Drama'],Running,25.0,25.0,2014-08-18,,http://tv3.ru/project/slepaya,11,"{'id': 514, 'name': 'ТВ-3', 'country': {'name': 'Russian Federation', 'code': 'RU', 'timezone': 'Asia/Kamchatka'}, 'officialSite': None}",,,1647379162
53198,https://www.tvmaze.com/shows/53198/sheker,SHEKER,Scripted,Russian,"['Drama', 'Crime']",To Be Determined,,22.0,2020-10-20,,https://salemsocial.kz/projects/sheker,8,,,,1640436386
51111,https://www.tvmaze.com/shows/51111/saygi,Saygı,Scripted,Turkish,"['Drama', 'Action', 'Crime']",Ended,60.0,60.0,2020-10-27,2021-11-11,https://www.blutv.com/int/diziler/yerli/saygi-bir-ercument-cozer-dizisi,77,,,"<p>The protagonist of the story, Ercüment Çözer rebels against disrespect and rudeness that we tend to avoid, ignore and eventually forget. Ercüment is a sociopath obsessed with the idea of respect. However, this time, he is not alone on his obsessive journey. The young lovers Helen and Savaş, who have just stepped foot into the real world, find themselves in the middle of difficult situations after being mistreated by a group of people and end up being responsible for a chain of murders that take place in Istanbul. The concept of disrespect instantly turns into a social and mediatic struggle between the two generations. As for the mediatic follow up, Turkey's most famous morning show host, Hasret will undertake it, however, nobody knows that she is also about to take part in this journey on another level. By getting to the core of this obsession, we will be witnessing the reflection it has on society.</p>",1641010738
44057,https://www.tvmaze.com/shows/44057/hjerteslag,Hjerteslag,Scripted,Norwegian,"['Drama', 'Romance']",To Be Determined,,11.0,2019-08-15,,https://play.tv2.no/programmer/serier/hjerteslag,72,,,"<p>A relationship drama about two young people who fall in love at a difficult time in life. In the series, we meet Anders and Mio who, after a one night stand, find out that they are pregnant.</p>",1639488906
49864,https://www.tvmaze.com/shows/49864/alex-og-aune,Alex og Aune,Reality,Norwegian,['Comedy'],To Be Determined,,12.0,2020-11-30,,https://play.tv2.no/programmer/underholdning/alex-og-aune,14,,,"<p>Feelgood bromance where Alex Rosen and Aune Sand (<b>Alex and Aune</b>) get to know each other better. With each other, and the inhabitants of the village Bleik in Vesterålen where they will live together for five weeks towards St. Hans.</p>",1646682390
53089,https://www.tvmaze.com/shows/53089/247-fc,24/7 FC,Documentary,German,['Sports'],Running,,47.0,2019-10-18,,https://247.fc.de/,61,,,"<p>Your journey with 1. FC Köln continues - and again it leads into the unknown: In the 2020/21 season, reality is again writing the script for <b>24/7 FC</b>. For the first time in German professional soccer, the FC stars will even be wired on the pitch. You're closer than ever before!</p>",1650524514
13381,https://www.tvmaze.com/shows/13381/honest-game-trailers,Honest Game Trailers,Variety,English,['Comedy'],Running,5.0,5.0,2014-03-08,,https://www.youtube.com/playlist?list=PLHkNwtRZFo2g74tWgElcOO2T3WWbN7Aga,66,,,<p>Trailers that tell you the TRUTH about your favorite Video Games ! These are the hilarious trailers the game developers don't want you to see...</p>,1651253459
13392,https://www.tvmaze.com/shows/13392/honest-trailers,Honest Trailers,Scripted,English,['Comedy'],Running,,6.0,2012-02-13,,https://www.youtube.com/playlist?list=PL86F4D497FD3CACCE,79,,,<p>Trailers that tell you the TRUTH about your favorite movies and TV shows: Honest Trailers. These are the hilarious trailers the producers don't want you to see...</p>,1651615415
15250,https://www.tvmaze.com/shows/15250/the-young-turks,The Young Turks,News,English,[],Running,120.0,120.0,2013-12-24,,https://www.tytnetwork.com,29,,,"<p>A daring, funny, and brutally honest show that covers politics, entertainment, movies, sports, and pop culture.</p>",1648190058
15250,https://www.tvmaze.com/shows/15250/the-young-turks,The Young Turks,News,English,[],Running,120.0,120.0,2013-12-24,,https://www.tytnetwork.com,29,,,"<p>A daring, funny, and brutally honest show that covers politics, entertainment, movies, sports, and pop culture.</p>",1648190058
17964,https://www.tvmaze.com/shows/17964/how-it-should-have-ended,How It Should Have Ended,Animation,English,[],Running,5.0,5.0,2007-03-09,,http://www.howitshouldhaveended.com/,75,,,<p>A look back at how things would have been if your favorite movies had ended just a little differently.</p>,1652133529
21491,https://www.tvmaze.com/shows/21491/kurzgesagt-in-a-nutshell,Kurzgesagt – In a Nutshell,Documentary,English,[],Running,6.0,6.0,2013-07-11,,http://kurzgesagt.org/,23,,,<p>Videos explaining things with optimistic nihilism. A small team who want to make science look beautiful. Because it is beautiful.</p>,1651764195
30606,https://www.tvmaze.com/shows/30606/scishow,SciShow,Documentary,English,[],Running,,9.0,2012-01-02,,https://www.youtube.com/user/scishow/,10,,,"<p><b>SciShow</b> explores the unexpected. Seven days a week, Hank Green, Michael Aranda, and Olivia Gordon delve into the scientific subjects that defy our expectations and make us even more curious!</p><p>Schedule:</p><p>Sundays — Learn about the amazing topics we can't quite make a stand-alone show about in SciShow List Show!</p><p>Mondays — Tune in for a short Dose about our weird world.</p><p>Tuesdays — Find answers to our most asked Quick Questions.</p><p>Wednesdays — Hank or Michael dives deep into a long-form Infusion episode, or an unscripted talk show or quiz show with a guest!</p><p>Thursday — Another new dose about the wonders of the world.</p><p>Fridays — Learn the latest in science News.</p><p>Saturdays — Get your quick questions answered!</p>",1644762005
32980,https://www.tvmaze.com/shows/32980/returning-the-favor,Returning the Favor,Documentary,English,['Adventure'],To Be Determined,30.0,28.0,2017-08-29,,https://www.facebook.com/ReturningTheFavor/,32,,,"<p>Follow host Mike Rowe as he travels the country in search of remarkable people making a difference in their communities. <b>Returning the Favor </b>gives back to those who pay it forward with humor, heart and surprise. Because one good turn deserves another.</p>",1645412135
40482,https://www.tvmaze.com/shows/40482/10-glupyh-voprosov,10 глупых вопросов,Talk Show,Russian,"['Medical', 'Sports', 'Legal']",Running,,25.0,2018-03-13,,https://www.youtube.com/playlist?list=PLLkqhqUNdkjCC43di6igZ80NUJxFFfZNa,24,,,"<p>Do you want to learn more about modern and interesting professions, but you are afraid to ask a stupid question? We will ask stupid questions to professionals for you. And they will tell you how everything really is. You are watching 10 stupid questions.</p>",1649863711
41611,https://www.tvmaze.com/shows/41611/good-mythical-morning,Good Mythical Morning,Talk Show,English,[],Running,,14.0,2014-09-08,,https://www.youtube.com/channel/UC4PooiX37Pld1T8J5SYT-SQ,64,,,"<p>Morning talk show created by Rhett McLaughlin and Charles Lincoln 'Link' Neal contains loads of laughter and insanity, known for this quote: ""We do this, so you don't have to.""</p>",1651933209
42121,https://www.tvmaze.com/shows/42121/red-table-talk,Red Table Talk,Talk Show,English,[],Running,25.0,25.0,2018-05-07,,https://www.facebook.com/redtabletalk/,22,,,"<p>Jada Pinkett Smith, her daughter Willow, and mother Adrienne – three generations of women open their home for a series of candid conversations with family and friends.</p>",1651253250
42899,https://www.tvmaze.com/shows/42899/redakcia,Редакция,Talk Show,Russian,[],Running,40.0,57.0,2019-03-17,,https://www.youtube.com/channel/UC1eFXmJNkjITxPFWTy6RsWg,70,,,"<p>The author's journalistic program of Alexey Pivovarov, where he asks questions and interviews guests, makes reports on actual themes, as well as on entertaining topics.</p>",1651749165
43336,https://www.tvmaze.com/shows/43336/talks-machina,Talks Machina,Talk Show,English,['Fantasy'],Ended,60.0,60.0,2016-11-15,2021-06-17,http://www.critrole.com,34,,,"<p>After Critical Role each week, everyone needs to take a second to breathe and process. <b>Talks Machina</b> brings Critical Role cast members together with host Brian Wayne Foster to chat about the latest happenings on the hit show, answer audience questions, and more.</p>",1649343171
44944,https://www.tvmaze.com/shows/44944/vopros-rebrom,Вопрос ребром,Talk Show,Russian,[],Running,35.0,37.0,2019-08-06,,https://www.youtube.com/playlist?list=PLgNR28e-jqpwPOAuYZIBmPY0lAzUCN86t,25,,,,1640365705
47267,https://www.tvmaze.com/shows/47267/la-vida-moderna,La Vida Moderna,Talk Show,Spanish,['Comedy'],Running,30.0,38.0,2015-03-24,,https://www.youtube.com/channel/UC6lJZ9Ctx1vcmRY9cFEPyww,55,,,"<p>Radio show on Cadena Ser in Spain, that also uploads the program in Youtube. Hosted by David Broncano and with Ignatius Farray and Quequé as co-hosts. The Modern Life (La vida moderna) talks about news with a particular sense of humor.</p>",1651777316
47944,https://www.tvmaze.com/shows/47944/inside-of-you-with-michael-rosenbaum,Inside of You with Michael Rosenbaum,Talk Show,English,[],Running,,87.0,2018-05-18,,https://www.insideofyoupodcast.com/,65,,,"<p><b>Inside of You with Michael Rosenbaum</b> is a podcast, recorded series inside of the home of Michael Rosenbaum (Sorority Boys, Smallville). Listen as he invites celebrities, athletes, musicians, or anyone he finds interesting to sit next to on the couch, while he probes them for the most interesting stories they have.</p>",1651591124
48302,https://www.tvmaze.com/shows/48302/all-elite-wrestling-dark,All Elite Wrestling: Dark,Sports,English,[],Running,,,2019-10-08,,https://www.youtube.com/playlist?list=PLILTWWX_AIJQCxpm3QYbdWVbkyNIoREGV,41,,,<p><b>All Elite Wrestling: Dark</b> features the matches you didn't see on All Elite Wrestling: Dynamite.</p>,1651261416
49081,https://www.tvmaze.com/shows/49081/ex-and-the-city,Ex and the City,Reality,Norwegian,[],Running,12.0,12.0,2019-10-28,,https://discoveryplus.no/programmer/ex-and-the-city,2,,,,1642689644
49626,https://www.tvmaze.com/shows/49626/marvels-storyboards,Marvel's Storyboards,Documentary,English,[],Ended,14.0,14.0,2020-07-23,2020-12-15,https://www.youtube.com/playlist?list=PLK5HARgNfgj_vALzVZEyHMX3n6KrZz8Wk,22,,,"<p>The series follows Joe Quesada, executive vice president and creative director of <i>Marvel Entertainment</i>, as he explores into the stories and creative drives of storytellers from various backgrounds.</p>",1611351445
50433,https://www.tvmaze.com/shows/50433/uwn-primetime,UWN Primetime,Sports,English,[],Running,120.0,120.0,2020-09-15,,https://www.unitedwrestlingtv.com/,3,,,"<p>The landscape of professional wrestling never stops morphing and evolving and as always FITE will be at the forefront, bringing viewers across the globe ringside for the genesis of a new weekly, episodic PPV series Primetime Live.</p><p>Commencing Tuesday September 15th, the weekly ninety-minute PPV series will emanate from California's Thunder Studios, produced by The United Wrestling Network, in partnership with the National Wrestling Alliance. The United Wrestling Network is the brainchild of long-time promoter and TV producer Dave Marquez, overseeing a collection of ""Championship Wrestling from…"" promotions who share talents, production and championships.</p>",1608406279
50616,https://www.tvmaze.com/shows/50616/song-exploder,Song Exploder,Documentary,English,['Music'],To Be Determined,30.0,26.0,2020-10-02,,https://www.netflix.com/title/80992997,73,,,"<p><b>Song Exploder</b>, based on the hit podcast, spotlights some of the world's greatest musicians as they reveal how they brought one of their songs to life.</p>",1608887256
50616,https://www.tvmaze.com/shows/50616/song-exploder,Song Exploder,Documentary,English,['Music'],To Be Determined,30.0,26.0,2020-10-02,,https://www.netflix.com/title/80992997,73,,,"<p><b>Song Exploder</b>, based on the hit podcast, spotlights some of the world's greatest musicians as they reveal how they brought one of their songs to life.</p>",1608887256
50616,https://www.tvmaze.com/shows/50616/song-exploder,Song Exploder,Documentary,English,['Music'],To Be Determined,30.0,26.0,2020-10-02,,https://www.netflix.com/title/80992997,73,,,"<p><b>Song Exploder</b>, based on the hit podcast, spotlights some of the world's greatest musicians as they reveal how they brought one of their songs to life.</p>",1608887256
50616,https://www.tvmaze.com/shows/50616/song-exploder,Song Exploder,Documentary,English,['Music'],To Be Determined,30.0,26.0,2020-10-02,,https://www.netflix.com/title/80992997,73,,,"<p><b>Song Exploder</b>, based on the hit podcast, spotlights some of the world's greatest musicians as they reveal how they brought one of their songs to life.</p>",1608887256
51934,https://www.tvmaze.com/shows/51934/sea-him-the-series,Sea Him The Series,Scripted,Vietnamese,"['Drama', 'Action', 'Romance']",Running,20.0,24.0,2020-10-31,,https://www.youtube.com/playlist?list=PLrOorRfXW5qZdZa1zznBPe789CSDx_7iY,84,,,"<p>The boys love story of the character Tien, a senior photography student goes to Cua Can commune for his graduation thesis, and Tai, a poor man in a fishing village near the sea. The romance of the two characters progresses gradually from friendship, brotherhood. Through many interactions, rare incidents and redicilous hilarious moments, they take care for each other. Then they slowly progress into deep love from unknown moment.</p>",1641973519
52104,https://www.tvmaze.com/shows/52104/twisted-fate-of-love,Twisted Fate of Love,Scripted,Chinese,"['Drama', 'Romance', 'History']",Ended,45.0,45.0,2020-11-23,2020-12-30,https://v.qq.com/x/search/?q=+%E4%BB%8A%E5%A4%95%E4%BD%95%E5%A4%95&stag=0&smartbox_ab=,27,,,"<p>During the Yin Dynasty, Dong Yue, a brave general in the Dingyuan Rebellion, was sent back in time to stop a war that would claim the lives of countless innocents. She sets out to murder corrupted officer Lu Yuantong in an attempt to prevent war, and during her journey she met Feng Xi and Pang Yu. Pang Yu and Feng Xi were old friends who cared deeply for each other, but fell out and turn into enemies. While trying to reconcile the two brothers, Dong Yue also tries to stop Lu Yuantang's evil schemes which are poised to tear the nation apart with their help.</p>",1609535141
52104,https://www.tvmaze.com/shows/52104/twisted-fate-of-love,Twisted Fate of Love,Scripted,Chinese,"['Drama', 'Romance', 'History']",Ended,45.0,45.0,2020-11-23,2020-12-30,https://v.qq.com/x/search/?q=+%E4%BB%8A%E5%A4%95%E4%BD%95%E5%A4%95&stag=0&smartbox_ab=,27,,,"<p>During the Yin Dynasty, Dong Yue, a brave general in the Dingyuan Rebellion, was sent back in time to stop a war that would claim the lives of countless innocents. She sets out to murder corrupted officer Lu Yuantong in an attempt to prevent war, and during her journey she met Feng Xi and Pang Yu. Pang Yu and Feng Xi were old friends who cared deeply for each other, but fell out and turn into enemies. While trying to reconcile the two brothers, Dong Yue also tries to stop Lu Yuantang's evil schemes which are poised to tear the nation apart with their help.</p>",1609535141
52107,https://www.tvmaze.com/shows/52107/new-face,New Face,Scripted,Chinese,"['Action', 'Crime', 'Thriller']",Running,45.0,45.0,2020-11-24,,https://v.qq.com/detail/m/mzc00200tu76tos.html,18,,,"<p>Pan, a desolate plastic surgeon, lived a repetitive and boring life every day until a conspiracy happened. He woke up in an abandoned factory, and found that someone had replaced his identity with a face exactly like him. His world has been completely overturned and left in a perilous situation. Can he overcome the difficulties and peel away the truth? How would he regain his identity?</p>",1606418164
52107,https://www.tvmaze.com/shows/52107/new-face,New Face,Scripted,Chinese,"['Action', 'Crime', 'Thriller']",Running,45.0,45.0,2020-11-24,,https://v.qq.com/detail/m/mzc00200tu76tos.html,18,,,"<p>Pan, a desolate plastic surgeon, lived a repetitive and boring life every day until a conspiracy happened. He woke up in an abandoned factory, and found that someone had replaced his identity with a face exactly like him. His world has been completely overturned and left in a perilous situation. Can he overcome the difficulties and peel away the truth? How would he regain his identity?</p>",1606418164
52108,https://www.tvmaze.com/shows/52108/psych-hunter,Psych Hunter,Scripted,Chinese,"['Drama', 'Thriller', 'Mystery']",Ended,45.0,45.0,2020-11-23,2020-12-16,https://www.iqiyi.com/a_19rrhskr95.html,32,,,"<p>Merchant Jiang Shuo and his odd specialist companion Qin Yi Heng purchase frequented houses to exchange them. In any case, alarming things start to occur and each spooky house is by all accounts part of a major riddle. Jiang Shuo, Yi Heng, and police officer Yuan Mu Qing attempt to understand the riddle.</p>",1650826480
52108,https://www.tvmaze.com/shows/52108/psych-hunter,Psych Hunter,Scripted,Chinese,"['Drama', 'Thriller', 'Mystery']",Ended,45.0,45.0,2020-11-23,2020-12-16,https://www.iqiyi.com/a_19rrhskr95.html,32,,,"<p>Merchant Jiang Shuo and his odd specialist companion Qin Yi Heng purchase frequented houses to exchange them. In any case, alarming things start to occur and each spooky house is by all accounts part of a major riddle. Jiang Shuo, Yi Heng, and police officer Yuan Mu Qing attempt to understand the riddle.</p>",1650826480
52150,https://www.tvmaze.com/shows/52150/cheat,Cheat,Scripted,Tagalog,"['Drama', 'Romance', 'Supernatural']",Running,20.0,26.0,2020-12-01,,https://www.youtube.com/watch?v=Hw4Yugat0LM&t=6s,25,,,"<p><b>Cheat</b> revolves around five main young characters; an innocent young man, Vee, who has had an unusual sheltered upbringing. Vee lives with his full-time guardian, an apostolic nun. The series concerns the effect that Vee has on 3 siblings: Dong, Jennifer, and Jay. The siblings live with their mother who dabbles in witchcraft. Their father, who is never seen, left the family to be with his Mistress who makes up the eighth character in the entire series.</p>",1641973457
52159,https://www.tvmaze.com/shows/52159/to-love,To Love,Scripted,Chinese,"['Crime', 'Thriller', 'Mystery']",Ended,45.0,45.0,2020-11-19,2020-12-23,https://so.youku.com/search_video/q_%20%E6%9C%80%E5%88%9D%E7%9A%84%E7%9B%B8%E9%81%87?searchfrom=1,25,,,"<p>A story that follows people whose lives are entangled due to a complicated case. While investigating a drug cartel as an undercover cop, Yan Jin falls in love with the beautiful coffee shop owner Ji Xiao'ou.</p>",1609060726
52159,https://www.tvmaze.com/shows/52159/to-love,To Love,Scripted,Chinese,"['Crime', 'Thriller', 'Mystery']",Ended,45.0,45.0,2020-11-19,2020-12-23,https://so.youku.com/search_video/q_%20%E6%9C%80%E5%88%9D%E7%9A%84%E7%9B%B8%E9%81%87?searchfrom=1,25,,,"<p>A story that follows people whose lives are entangled due to a complicated case. While investigating a drug cartel as an undercover cop, Yan Jin falls in love with the beautiful coffee shop owner Ji Xiao'ou.</p>",1609060726
52191,https://www.tvmaze.com/shows/52191/wayward-guide,Wayward Guide,Scripted,English,"['Comedy', 'Fantasy', 'Mystery']",Ended,,11.0,2020-10-13,2020-12-15,https://www.youtube.com/playlist?list=PLlF0gFzOX4tA4l7X4UiwwD9x9JRgEkMdO,35,,,"<p>After podcast host, Artemis, and her twin brother, Paul, uncover a secret race of werewolves, they must decide who to trust and the price they're willing to pay for a juicy story.</p>",1632084363
52400,https://www.tvmaze.com/shows/52400/dream-detective,Dream Detective,Scripted,Chinese,"['Drama', 'Fantasy', 'Mystery']",Ended,45.0,45.0,2020-12-08,2021-01-05,https://v.qq.com/detail/m/mzc00200ur8p8zp.html,18,,,"<p>Two unlikely individuals join forces to find the truth behind a series of murders using an unconventional method. Chen Si, a female detective with a sense of justice, unexpectedly becomess partners with Yuan Shuai, a dream interpreter with a dark past.</p>",1612842583
52400,https://www.tvmaze.com/shows/52400/dream-detective,Dream Detective,Scripted,Chinese,"['Drama', 'Fantasy', 'Mystery']",Ended,45.0,45.0,2020-12-08,2021-01-05,https://v.qq.com/detail/m/mzc00200ur8p8zp.html,18,,,"<p>Two unlikely individuals join forces to find the truth behind a series of murders using an unconventional method. Chen Si, a female detective with a sense of justice, unexpectedly becomess partners with Yuan Shuai, a dream interpreter with a dark past.</p>",1612842583
52412,https://www.tvmaze.com/shows/52412/handmade-love,Handmade Love,Scripted,Korean,"['Drama', 'Fantasy', 'Romance']",Ended,15.0,17.0,2020-12-11,2021-01-05,https://www.youtube.com/playlist?list=PLRXdsS5E_8i3FJ_o7VF0TFb9SUdWk54iW,27,,,"<p>The god Woo Beun can only return to heaven after comforting humans with clothes. He is running a tailor shop called ""Handmade Love"" with his servant Joy when Han Sa Rang visits the tailor shop after hearing the news that her boyfriend of 7 years will get married. Together, they will heal the wounds of their guests.</p>",1609923648
52524,https://www.tvmaze.com/shows/52524/forever-love,Forever Love,Scripted,Chinese,"['Drama', 'Romance']",Ended,45.0,45.0,2020-12-14,2021-01-05,https://v.qq.com/detail/m/mzc00200dnvb1wh.html,30,,,<p>A story that follows two people's brave pursuit of love from their campus days to their humble beginnings as they enter the workplace to chase after their dreams together.</p>,1612478145
52524,https://www.tvmaze.com/shows/52524/forever-love,Forever Love,Scripted,Chinese,"['Drama', 'Romance']",Ended,45.0,45.0,2020-12-14,2021-01-05,https://v.qq.com/detail/m/mzc00200dnvb1wh.html,30,,,<p>A story that follows two people's brave pursuit of love from their campus days to their humble beginnings as they enter the workplace to chase after their dreams together.</p>,1612478145
52534,https://www.tvmaze.com/shows/52534/nwa-shockwave,NWA Shockwave,Sports,English,[],Running,45.0,45.0,2020-12-01,,,15,,,<p>The continuation of NWA Powwerr.</p>,1608352967
53119,https://www.tvmaze.com/shows/53119/narrative-telephone,Narrative Telephone,Talk Show,English,"['Comedy', 'Adventure', 'Fantasy']",Running,60.0,61.0,2020-04-06,,https://critrole.com/shows/narrative-telephone/,42,,,"<p>How much does a story change as it gets retold? Introducing <b>Narrative Telephone</b>! It all starts with Matthew Mercer weaving a quick story set in Wildemount. His recording will be sent off to a fellow cast member to be viewed JUST ONCE, and then retold to the best of their recollection. Once the story has passed through each cast member, we'll compare where it starts to where it ends and see just how much the story changes.</p>",1644116781
53612,https://www.tvmaze.com/shows/53612/booba,Booba,Animation,Russian,"['Comedy', 'Children']",Running,5.0,5.0,2014-11-10,,https://www.youtube.com/c/KedooTv/featured,8,,,"<p>Booba is cute and inquisitive, like a five-year-old kid. He explores the world without anger or resentment, only joy and wonder. He doesn't talk, although he does make sounds to express his emotions. Nobody knows where he came from, but he has obviously missed the last 100 years of human progress and explores modern locations with boundless energy and enthusiasm. His awkward movements, combined with a strong desire to learn more about the world around him, often have hilarious results! However, this doesn't satisfy Booba's curiosity, so his adventures will continue in the upcoming series.</p>",1617639136
55355,https://www.tvmaze.com/shows/55355/90-day-fiance-extras,90 Day Fiancé: Extras,Reality,English,[],Ended,,91.0,2020-12-15,2020-12-15,https://www.discoveryplus.co.uk/show/90-day-extras,28,,,"<p>Relive some of the memorable moments our couples have faced on their journeys so far. From whopping age gaps to complex language barriers, explore their ups and downs as they prepared to embark on their new lives together.</p>",1640112415
55355,https://www.tvmaze.com/shows/55355/90-day-fiance-extras,90 Day Fiancé: Extras,Reality,English,[],Ended,,91.0,2020-12-15,2020-12-15,https://www.discoveryplus.co.uk/show/90-day-extras,28,,,"<p>Relive some of the memorable moments our couples have faced on their journeys so far. From whopping age gaps to complex language barriers, explore their ups and downs as they prepared to embark on their new lives together.</p>",1640112415
55355,https://www.tvmaze.com/shows/55355/90-day-fiance-extras,90 Day Fiancé: Extras,Reality,English,[],Ended,,91.0,2020-12-15,2020-12-15,https://www.discoveryplus.co.uk/show/90-day-extras,28,,,"<p>Relive some of the memorable moments our couples have faced on their journeys so far. From whopping age gaps to complex language barriers, explore their ups and downs as they prepared to embark on their new lives together.</p>",1640112415
55355,https://www.tvmaze.com/shows/55355/90-day-fiance-extras,90 Day Fiancé: Extras,Reality,English,[],Ended,,91.0,2020-12-15,2020-12-15,https://www.discoveryplus.co.uk/show/90-day-extras,28,,,"<p>Relive some of the memorable moments our couples have faced on their journeys so far. From whopping age gaps to complex language barriers, explore their ups and downs as they prepared to embark on their new lives together.</p>",1640112415
55355,https://www.tvmaze.com/shows/55355/90-day-fiance-extras,90 Day Fiancé: Extras,Reality,English,[],Ended,,91.0,2020-12-15,2020-12-15,https://www.discoveryplus.co.uk/show/90-day-extras,28,,,"<p>Relive some of the memorable moments our couples have faced on their journeys so far. From whopping age gaps to complex language barriers, explore their ups and downs as they prepared to embark on their new lives together.</p>",1640112415
55355,https://www.tvmaze.com/shows/55355/90-day-fiance-extras,90 Day Fiancé: Extras,Reality,English,[],Ended,,91.0,2020-12-15,2020-12-15,https://www.discoveryplus.co.uk/show/90-day-extras,28,,,"<p>Relive some of the memorable moments our couples have faced on their journeys so far. From whopping age gaps to complex language barriers, explore their ups and downs as they prepared to embark on their new lives together.</p>",1640112415
55355,https://www.tvmaze.com/shows/55355/90-day-fiance-extras,90 Day Fiancé: Extras,Reality,English,[],Ended,,91.0,2020-12-15,2020-12-15,https://www.discoveryplus.co.uk/show/90-day-extras,28,,,"<p>Relive some of the memorable moments our couples have faced on their journeys so far. From whopping age gaps to complex language barriers, explore their ups and downs as they prepared to embark on their new lives together.</p>",1640112415
55355,https://www.tvmaze.com/shows/55355/90-day-fiance-extras,90 Day Fiancé: Extras,Reality,English,[],Ended,,91.0,2020-12-15,2020-12-15,https://www.discoveryplus.co.uk/show/90-day-extras,28,,,"<p>Relive some of the memorable moments our couples have faced on their journeys so far. From whopping age gaps to complex language barriers, explore their ups and downs as they prepared to embark on their new lives together.</p>",1640112415
55355,https://www.tvmaze.com/shows/55355/90-day-fiance-extras,90 Day Fiancé: Extras,Reality,English,[],Ended,,91.0,2020-12-15,2020-12-15,https://www.discoveryplus.co.uk/show/90-day-extras,28,,,"<p>Relive some of the memorable moments our couples have faced on their journeys so far. From whopping age gaps to complex language barriers, explore their ups and downs as they prepared to embark on their new lives together.</p>",1640112415
55355,https://www.tvmaze.com/shows/55355/90-day-fiance-extras,90 Day Fiancé: Extras,Reality,English,[],Ended,,91.0,2020-12-15,2020-12-15,https://www.discoveryplus.co.uk/show/90-day-extras,28,,,"<p>Relive some of the memorable moments our couples have faced on their journeys so far. From whopping age gaps to complex language barriers, explore their ups and downs as they prepared to embark on their new lives together.</p>",1640112415
55355,https://www.tvmaze.com/shows/55355/90-day-fiance-extras,90 Day Fiancé: Extras,Reality,English,[],Ended,,91.0,2020-12-15,2020-12-15,https://www.discoveryplus.co.uk/show/90-day-extras,28,,,"<p>Relive some of the memorable moments our couples have faced on their journeys so far. From whopping age gaps to complex language barriers, explore their ups and downs as they prepared to embark on their new lives together.</p>",1640112415
55355,https://www.tvmaze.com/shows/55355/90-day-fiance-extras,90 Day Fiancé: Extras,Reality,English,[],Ended,,91.0,2020-12-15,2020-12-15,https://www.discoveryplus.co.uk/show/90-day-extras,28,,,"<p>Relive some of the memorable moments our couples have faced on their journeys so far. From whopping age gaps to complex language barriers, explore their ups and downs as they prepared to embark on their new lives together.</p>",1640112415
55355,https://www.tvmaze.com/shows/55355/90-day-fiance-extras,90 Day Fiancé: Extras,Reality,English,[],Ended,,91.0,2020-12-15,2020-12-15,https://www.discoveryplus.co.uk/show/90-day-extras,28,,,"<p>Relive some of the memorable moments our couples have faced on their journeys so far. From whopping age gaps to complex language barriers, explore their ups and downs as they prepared to embark on their new lives together.</p>",1640112415
55355,https://www.tvmaze.com/shows/55355/90-day-fiance-extras,90 Day Fiancé: Extras,Reality,English,[],Ended,,91.0,2020-12-15,2020-12-15,https://www.discoveryplus.co.uk/show/90-day-extras,28,,,"<p>Relive some of the memorable moments our couples have faced on their journeys so far. From whopping age gaps to complex language barriers, explore their ups and downs as they prepared to embark on their new lives together.</p>",1640112415
55355,https://www.tvmaze.com/shows/55355/90-day-fiance-extras,90 Day Fiancé: Extras,Reality,English,[],Ended,,91.0,2020-12-15,2020-12-15,https://www.discoveryplus.co.uk/show/90-day-extras,28,,,"<p>Relive some of the memorable moments our couples have faced on their journeys so far. From whopping age gaps to complex language barriers, explore their ups and downs as they prepared to embark on their new lives together.</p>",1640112415
55355,https://www.tvmaze.com/shows/55355/90-day-fiance-extras,90 Day Fiancé: Extras,Reality,English,[],Ended,,91.0,2020-12-15,2020-12-15,https://www.discoveryplus.co.uk/show/90-day-extras,28,,,"<p>Relive some of the memorable moments our couples have faced on their journeys so far. From whopping age gaps to complex language barriers, explore their ups and downs as they prepared to embark on their new lives together.</p>",1640112415
55355,https://www.tvmaze.com/shows/55355/90-day-fiance-extras,90 Day Fiancé: Extras,Reality,English,[],Ended,,91.0,2020-12-15,2020-12-15,https://www.discoveryplus.co.uk/show/90-day-extras,28,,,"<p>Relive some of the memorable moments our couples have faced on their journeys so far. From whopping age gaps to complex language barriers, explore their ups and downs as they prepared to embark on their new lives together.</p>",1640112415
55355,https://www.tvmaze.com/shows/55355/90-day-fiance-extras,90 Day Fiancé: Extras,Reality,English,[],Ended,,91.0,2020-12-15,2020-12-15,https://www.discoveryplus.co.uk/show/90-day-extras,28,,,"<p>Relive some of the memorable moments our couples have faced on their journeys so far. From whopping age gaps to complex language barriers, explore their ups and downs as they prepared to embark on their new lives together.</p>",1640112415
55355,https://www.tvmaze.com/shows/55355/90-day-fiance-extras,90 Day Fiancé: Extras,Reality,English,[],Ended,,91.0,2020-12-15,2020-12-15,https://www.discoveryplus.co.uk/show/90-day-extras,28,,,"<p>Relive some of the memorable moments our couples have faced on their journeys so far. From whopping age gaps to complex language barriers, explore their ups and downs as they prepared to embark on their new lives together.</p>",1640112415
55355,https://www.tvmaze.com/shows/55355/90-day-fiance-extras,90 Day Fiancé: Extras,Reality,English,[],Ended,,91.0,2020-12-15,2020-12-15,https://www.discoveryplus.co.uk/show/90-day-extras,28,,,"<p>Relive some of the memorable moments our couples have faced on their journeys so far. From whopping age gaps to complex language barriers, explore their ups and downs as they prepared to embark on their new lives together.</p>",1640112415
55355,https://www.tvmaze.com/shows/55355/90-day-fiance-extras,90 Day Fiancé: Extras,Reality,English,[],Ended,,91.0,2020-12-15,2020-12-15,https://www.discoveryplus.co.uk/show/90-day-extras,28,,,"<p>Relive some of the memorable moments our couples have faced on their journeys so far. From whopping age gaps to complex language barriers, explore their ups and downs as they prepared to embark on their new lives together.</p>",1640112415
55355,https://www.tvmaze.com/shows/55355/90-day-fiance-extras,90 Day Fiancé: Extras,Reality,English,[],Ended,,91.0,2020-12-15,2020-12-15,https://www.discoveryplus.co.uk/show/90-day-extras,28,,,"<p>Relive some of the memorable moments our couples have faced on their journeys so far. From whopping age gaps to complex language barriers, explore their ups and downs as they prepared to embark on their new lives together.</p>",1640112415
55355,https://www.tvmaze.com/shows/55355/90-day-fiance-extras,90 Day Fiancé: Extras,Reality,English,[],Ended,,91.0,2020-12-15,2020-12-15,https://www.discoveryplus.co.uk/show/90-day-extras,28,,,"<p>Relive some of the memorable moments our couples have faced on their journeys so far. From whopping age gaps to complex language barriers, explore their ups and downs as they prepared to embark on their new lives together.</p>",1640112415
55355,https://www.tvmaze.com/shows/55355/90-day-fiance-extras,90 Day Fiancé: Extras,Reality,English,[],Ended,,91.0,2020-12-15,2020-12-15,https://www.discoveryplus.co.uk/show/90-day-extras,28,,,"<p>Relive some of the memorable moments our couples have faced on their journeys so far. From whopping age gaps to complex language barriers, explore their ups and downs as they prepared to embark on their new lives together.</p>",1640112415
55355,https://www.tvmaze.com/shows/55355/90-day-fiance-extras,90 Day Fiancé: Extras,Reality,English,[],Ended,,91.0,2020-12-15,2020-12-15,https://www.discoveryplus.co.uk/show/90-day-extras,28,,,"<p>Relive some of the memorable moments our couples have faced on their journeys so far. From whopping age gaps to complex language barriers, explore their ups and downs as they prepared to embark on their new lives together.</p>",1640112415
55355,https://www.tvmaze.com/shows/55355/90-day-fiance-extras,90 Day Fiancé: Extras,Reality,English,[],Ended,,91.0,2020-12-15,2020-12-15,https://www.discoveryplus.co.uk/show/90-day-extras,28,,,"<p>Relive some of the memorable moments our couples have faced on their journeys so far. From whopping age gaps to complex language barriers, explore their ups and downs as they prepared to embark on their new lives together.</p>",1640112415
55355,https://www.tvmaze.com/shows/55355/90-day-fiance-extras,90 Day Fiancé: Extras,Reality,English,[],Ended,,91.0,2020-12-15,2020-12-15,https://www.discoveryplus.co.uk/show/90-day-extras,28,,,"<p>Relive some of the memorable moments our couples have faced on their journeys so far. From whopping age gaps to complex language barriers, explore their ups and downs as they prepared to embark on their new lives together.</p>",1640112415
55355,https://www.tvmaze.com/shows/55355/90-day-fiance-extras,90 Day Fiancé: Extras,Reality,English,[],Ended,,91.0,2020-12-15,2020-12-15,https://www.discoveryplus.co.uk/show/90-day-extras,28,,,"<p>Relive some of the memorable moments our couples have faced on their journeys so far. From whopping age gaps to complex language barriers, explore their ups and downs as they prepared to embark on their new lives together.</p>",1640112415
55355,https://www.tvmaze.com/shows/55355/90-day-fiance-extras,90 Day Fiancé: Extras,Reality,English,[],Ended,,91.0,2020-12-15,2020-12-15,https://www.discoveryplus.co.uk/show/90-day-extras,28,,,"<p>Relive some of the memorable moments our couples have faced on their journeys so far. From whopping age gaps to complex language barriers, explore their ups and downs as they prepared to embark on their new lives together.</p>",1640112415
55355,https://www.tvmaze.com/shows/55355/90-day-fiance-extras,90 Day Fiancé: Extras,Reality,English,[],Ended,,91.0,2020-12-15,2020-12-15,https://www.discoveryplus.co.uk/show/90-day-extras,28,,,"<p>Relive some of the memorable moments our couples have faced on their journeys so far. From whopping age gaps to complex language barriers, explore their ups and downs as they prepared to embark on their new lives together.</p>",1640112415
55355,https://www.tvmaze.com/shows/55355/90-day-fiance-extras,90 Day Fiancé: Extras,Reality,English,[],Ended,,91.0,2020-12-15,2020-12-15,https://www.discoveryplus.co.uk/show/90-day-extras,28,,,"<p>Relive some of the memorable moments our couples have faced on their journeys so far. From whopping age gaps to complex language barriers, explore their ups and downs as they prepared to embark on their new lives together.</p>",1640112415
55355,https://www.tvmaze.com/shows/55355/90-day-fiance-extras,90 Day Fiancé: Extras,Reality,English,[],Ended,,91.0,2020-12-15,2020-12-15,https://www.discoveryplus.co.uk/show/90-day-extras,28,,,"<p>Relive some of the memorable moments our couples have faced on their journeys so far. From whopping age gaps to complex language barriers, explore their ups and downs as they prepared to embark on their new lives together.</p>",1640112415
56253,https://www.tvmaze.com/shows/56253/jessis-showterview,Jessi's Show!Terview,Talk Show,Korean,"['Comedy', 'Music']",Running,20.0,21.0,2020-06-04,,https://www.youtube.com/playlist?list=PLkbeiMZ67fh-R_Z-10wLZplsV-YWUzazZ,14,,"{'name': 'Korea, Republic of', 'code': 'KR', 'timezone': 'Asia/Seoul'}","<p>The web series, ""Showterview with Jessi,"" by SBS's digital studio, Mobidic, is nothing like other talk shows. It breaks the typical format of a talk show, with the host often taking the spotlight over the guest and going off script. The unique format is what has brought this show, which has featured guest stars like Emma Stone, Kang Daniel and HyunA, huge popularity on YouTube, with fans from all around the world.<br /> </p>",1651416025
56848,https://www.tvmaze.com/shows/56848/the-miracle-barbershop,The Miracle Barbershop,Scripted,English,"['Drama', 'Romance']",Ended,16.0,16.0,2020-12-14,2020-12-18,https://www.viddsee.com/series/the-miracle-barbershop,18,,,"<p>The Miracle Barbershop is a 5 part fantasy web series - where we delve into the remorse of 5 persons - a husband who desires to see his wife's smile for a last time, a young girl wishes to confess her love, a mother hopes to make her son one final meal, a daughter longs to fulfil the dying wish of her mother and a father to fulfill his last promise to his daughter. These persons fulfil their last wishes and find peace before departing for their next journey afterlife.</p>",1629133731
57285,https://www.tvmaze.com/shows/57285/dc-fandome,DC FanDome,Variety,English,[],Running,,,2020-08-22,,https://www.dcfandome.com/,18,,,"<p><b>DC FanDome</b> is DC's free, global virtual fan event featuring a live webcast and activities, for one day only, where we showcase our biggest movies, games, shows, comics and more and get up close and personal with the people behind the characters and worlds we love.</p>",1630490341
58367,https://www.tvmaze.com/shows/58367/struggle-meals,Struggle Meals,Scripted,,[],Running,20.0,20.0,2020-12-07,,,29,,,"<p>The struggle is real, but it doesn't mean your food has to suffer. Chef Frankie Celenza shows you how to make delicious meals for under $2 a plate.</p><p> </p>",1645718781
59555,https://www.tvmaze.com/shows/59555/scishow-kids,SciShow Kids,Scripted,English,[],Running,5.0,5.0,2015-03-09,,https://www.youtube.com/user/scishowkids,22,,,"<p><b>SciShow Kids</b> explores all those curious topics that make us ask ""why?"" Whether conducting experiments, researching new questions, or talking with experts, there's always something new to discover with SciShow Kids, no matter what your age!</p>",1639852705
60809,https://www.tvmaze.com/shows/60809/discover-destination-ua,Discover Destination UA,Documentary,English,['Travel'],To Be Determined,25.0,23.0,2019-09-17,,https://destination-ua.com/,1,,,"<p>Destination UA is the project showing Ukraine from foreigner's perspective.</p><p>In First season we spent 30 days traveling along the tourist route called Golden Triangle – Kyiv-Lviv-Odesa.</p><p>We've visited more than 100 locations, tried over two dozen unique Ukrainian dishes, filmed ancient history places and modern spots. We had a lot of fun.</p><p>In the second season of the show we are visited next regions: Kyiv, Chernihiv, Sumy, Kharkiv, Poltava, Dnipro, Kherson, Mykolaiv, Vinnytsia, Zhytomyr.</p><p>Next 100 locations, interesting facts, adventures are waiting for you.</p>",1649680350
61755,https://www.tvmaze.com/shows/61755/bride-of-beirut,Bride of Beirut,Scripted,Arabic,"['Drama', 'Romance']",Running,45.0,,2019-09-01,,https://shahid.mbc.net/en/series/Arous%20Beirut-season-1/season-376514-376515,6,,,"<p>Living with her aunt, kind-hearted Thourayya leads a simple life, but her world is upended when she crosses paths with the handsome and ambitious Fares.</p>",1650908800
60785,https://www.tvmaze.com/shows/60785/kono-koi-atatamemasu-ka,Kono Koi Atatamemasu ka,Scripted,Japanese,"['Drama', 'Food', 'Romance']",Ended,57.0,59.0,2020-10-20,2020-12-22,https://www.tbs.co.jp/koiata_tbs/,15,"{'id': 159, 'name': 'TBS', 'country': {'name': 'Japan', 'code': 'JP', 'timezone': 'Asia/Tokyo'}, 'officialSite': None}",,"<p>Kiki Inoue works part-time at a convenience store, spending the better part of her day lazing about or reviewing sweets on her social media account. One day at work, she is introduced to the chain's CEO, Takumi Asaba, who, as it turns out, is familiar with Inoue's online reviews. Asaba asks Inoue to develop new desserts to sell chain-wide. As CEO, Asaba is tasked with turning around the chain's fortunes, as it is now ranked the lowest among its competitors. Close collaboration leads Inoue and Asaba to become sweet on each other.</p>",1650215851
36813,https://www.tvmaze.com/shows/36813/conversa-com-bial,Conversa com Bial,Talk Show,Portuguese,[],Running,,40.0,2017-05-03,,https://globoplay.globo.com/conversa-com-bial/p/10086/,1,"{'id': 374, 'name': 'TV Globo', 'country': {'name': 'Brazil', 'code': 'BR', 'timezone': 'America/Noronha'}, 'officialSite': None}",,,1648342248
61530,https://www.tvmaze.com/shows/61530/toki-wo-kakeru-bando,Toki wo Kakeru Bando,Scripted,Japanese,"['Comedy', 'Music', 'Science-Fiction']",Ended,27.0,26.0,2020-10-20,2020-12-22,https://www.fujitv.co.jp/tokikake/,0,"{'id': 1354, 'name': 'Fuji TV TWO', 'country': {'name': 'Japan', 'code': 'JP', 'timezone': 'Asia/Tokyo'}, 'officialSite': None}","{'name': 'Japan', 'code': 'JP', 'timezone': 'Asia/Tokyo'}","<p>A story about Ryo, a mysterious and self-proclaimed music producer from the future, producing a girl band of three girls and leading them to stardom. A comical and tempo conversational drama, and various trials to produce the youth of young people who play music with comedy touch.</p>",1649705311
17633,https://www.tvmaze.com/shows/17633/all-about-android,All About Android,News,English,[],Running,90.0,90.0,2011-03-29,,https://twit.tv/shows/all-about-android,30,,,"<p><b>All About Android </b>delivers everything you want to know about Android each week -- the biggest news, freshest hardware, best apps and geekiest how-to's -- with Android enthusiasts Jason Howell, Florence Ion, Ron Richards, and a variety of special guests along the way.</p>",1650312076
38339,https://www.tvmaze.com/shows/38339/a-teacher,A Teacher,Scripted,English,['Drama'],Ended,,27.0,2020-11-10,2020-12-29,https://www.hulu.com/series/a-teacher-1c871218-05b1-4c66-a22f-260b2cb9bbf9,91,,,"<p><b>A Teacher</b> examines the complexities and consequences of an illegal relationship between a female teacher, Claire and her male high school student, Eric. Dissatisfied in their own lives, Claire and Eric discover an undeniable escape in each other, but their relationship accelerates faster than anticipated and the permanent damage becomes impossible to ignore.</p>",1637344861
40862,https://www.tvmaze.com/shows/40862/comedy-central-stand-up-featuring,Comedy Central Stand-Up Featuring,Variety,English,['Comedy'],Running,,,2019-01-11,,http://www.cc.com/shows/comedy-central-stand-up-featuring,33,,,"<p>Get your stand-up fix from today's freshest young comedians as Comedy Central introduces you to up-and-coming comics, who are serving up quick hits of their sets.</p>",1647189984
2504,https://www.tvmaze.com/shows/2504/goede-tijden-slechte-tijden,"Goede Tijden, Slechte Tijden",Scripted,Dutch,"['Drama', 'Romance']",Running,23.0,25.0,1990-10-01,,http://gtst.nl/#!/,77,"{'id': 112, 'name': 'RTL4', 'country': {'name': 'Netherlands', 'code': 'NL', 'timezone': 'Europe/Amsterdam'}, 'officialSite': None}",,,1651838647
50106,https://www.tvmaze.com/shows/50106/cheyenne-et-lola,Cheyenne et Lola,Scripted,French,"['Drama', 'Comedy', 'Crime']",Running,50.0,50.0,2020-11-24,,https://go.ocs.fr/details/serie/PSCHEYENNEEW0168259,40,"{'id': 432, 'name': 'OCS Max', 'country': {'name': 'France', 'code': 'FR', 'timezone': 'Europe/Paris'}, 'officialSite': None}",,"<p>Cheyenne has been out of jail for six months now, working as a cleaner on the ferries whilst dreaming about traveling to the Amazon. Lola is a beautiful Parisian woman, selfish and ruthless, who has just arrived in the north of France to move in with her lover. But when Cheyenne witnesses Lola killing her lover's wife, she knows she's going to be accused of the crime because of her criminal past.</p>",1644650582
50106,https://www.tvmaze.com/shows/50106/cheyenne-et-lola,Cheyenne et Lola,Scripted,French,"['Drama', 'Comedy', 'Crime']",Running,50.0,50.0,2020-11-24,,https://go.ocs.fr/details/serie/PSCHEYENNEEW0168259,40,"{'id': 432, 'name': 'OCS Max', 'country': {'name': 'France', 'code': 'FR', 'timezone': 'Europe/Paris'}, 'officialSite': None}",,"<p>Cheyenne has been out of jail for six months now, working as a cleaner on the ferries whilst dreaming about traveling to the Amazon. Lola is a beautiful Parisian woman, selfish and ruthless, who has just arrived in the north of France to move in with her lover. But when Cheyenne witnesses Lola killing her lover's wife, she knows she's going to be accused of the crime because of her criminal past.</p>",1644650582
32087,https://www.tvmaze.com/shows/32087/chicken-girls,Chicken Girls,Scripted,English,"['Drama', 'Children', 'Music']",Running,,14.0,2017-09-05,,https://www.youtube.com/playlist?list=PLVewHiZp3_LPhqzbcZFmS3iuDm9HymTsy,81,,,"<p>Rhyme and her friends — known by their 'ship name, ""The Chicken Girls"" — have been dancing together forever. But this year, everything's changing...</p>",1650395213
