id,url,name,season,number,type,airdate,airtime,airstamp,runtime,rating,image,summary,_links,_embedded
2269800,https://www.tvmaze.com/episodes/2269800/manaki-1x07-golos-zvera-delo-arhangelskogo-manaka,Голос зверя. Дело архангельского маньяка,1,7.0,regular,2020-12-06,,2020-12-06T00:00:00+00:00,40.0,{'average': None},"{'medium': 'https://static.tvmaze.com/uploads/images/medium_landscape/394/985941.jpg', 'original': 'https://static.tvmaze.com/uploads/images/original_untouched/394/985941.jpg'}",,{'self': {'href': 'https://api.tvmaze.com/episodes/2269800'}},"{'show': {'id': 48597, 'url': 'https://www.tvmaze.com/shows/48597/manaki', 'name': 'Маньяки', 'type': 'Documentary', 'language': 'Russian', 'genres': [], 'status': 'Running', 'runtime': 40, 'averageRuntime': 40, 'premiered': '2020-05-22', 'ended': None, 'officialSite': 'https://premier.one/show/12420', 'schedule': {'time': '', 'days': []}, 'rating': {'average': None}, 'weight': 15, 'network': None, 'webChannel': {'id': 281, 'name': 'Premier', 'country': {'name': 'Russian Federation', 'code': 'RU', 'timezone': 'Asia/Kamchatka'}, 'officialSite': None}, 'dvdCountry': None, 'externals': {'tvrage': None, 'thetvdb': None, 'imdb': None}, 'image': {'medium': 'https://static.tvmaze.com/uploads/images/medium_portrait/394/985939.jpg', 'original': 'https://static.tvmaze.com/uploads/images/original_untouched/394/985939.jpg'}, 'summary': '<p>The non-fiction series ""Maniacs"" tells about the most high-profile Russian crimes, in which still not all the circumstances are clear to the end</p>', 'updated': 1643899039, '_links': {'self': {'href': 'https://api.tvmaze.com/shows/48597'}, 'previousepisode': {'href': 'https://api.tvmaze.com/episodes/2269802'}}}}"
1956338,https://www.tvmaze.com/episodes/1956338/hero-return-1x09-episode-9,Episode 9,1,9.0,regular,2020-12-06,10:00,2020-12-06T02:00:00+00:00,15.0,{'average': None},,,{'self': {'href': 'https://api.tvmaze.com/episodes/1956338'}},"{'show': {'id': 51471, 'url': 'https://www.tvmaze.com/shows/51471/hero-return', 'name': 'Hero Return', 'type': 'Animation', 'language': 'Chinese', 'genres': ['Action', 'Anime', 'Science-Fiction'], 'status': 'Running', 'runtime': 15, 'averageRuntime': 16, 'premiered': '2020-10-18', 'ended': None, 'officialSite': 'https://v.qq.com/detail/q/q72jd29a3oxflsr.html', 'schedule': {'time': '10:00', 'days': ['Sunday']}, 'rating': {'average': None}, 'weight': 76, 'network': None, 'webChannel': {'id': 104, 'name': 'Tencent QQ', 'country': {'name': 'China', 'code': 'CN', 'timezone': 'Asia/Shanghai'}, 'officialSite': 'https://v.qq.com/'}, 'dvdCountry': None, 'externals': {'tvrage': None, 'thetvdb': None, 'imdb': None}, 'image': {'medium': 'https://static.tvmaze.com/uploads/images/medium_portrait/279/698895.jpg', 'original': 'https://static.tvmaze.com/uploads/images/original_untouched/279/698895.jpg'}, 'summary': ""<p>Zero was mankind's first real superhero. Under his watch, countless other superheros appeared and followed in his footsteps. However, after 5 years of war, Zero disappeared without a trace.<br /><br />(Source: zeroscans)</p>"", 'updated': 1603467037, '_links': {'self': {'href': 'https://api.tvmaze.com/shows/51471'}, 'previousepisode': {'href': 'https://api.tvmaze.com/episodes/1956341'}}}}"
1978217,https://www.tvmaze.com/episodes/1978217/swallowed-star-1x03-episode-3,Episode 3,1,3.0,regular,2020-12-06,10:00,2020-12-06T02:00:00+00:00,,{'average': None},,,{'self': {'href': 'https://api.tvmaze.com/episodes/1978217'}},"{'show': {'id': 52178, 'url': 'https://www.tvmaze.com/shows/52178/swallowed-star', 'name': 'Swallowed Star', 'type': 'Animation', 'language': 'Chinese', 'genres': ['Anime', 'Science-Fiction'], 'status': 'Running', 'runtime': None, 'averageRuntime': 21, 'premiered': '2020-11-29', 'ended': None, 'officialSite': 'https://v.qq.com/detail/3/324olz7ilvo2j5f.html', 'schedule': {'time': '10:00', 'days': ['Wednesday']}, 'rating': {'average': None}, 'weight': 88, 'network': None, 'webChannel': {'id': 104, 'name': 'Tencent QQ', 'country': {'name': 'China', 'code': 'CN', 'timezone': 'Asia/Shanghai'}, 'officialSite': 'https://v.qq.com/'}, 'dvdCountry': None, 'externals': {'tvrage': None, 'thetvdb': 392598, 'imdb': None}, 'image': {'medium': 'https://static.tvmaze.com/uploads/images/medium_portrait/286/715165.jpg', 'original': 'https://static.tvmaze.com/uploads/images/original_untouched/286/715165.jpg'}, 'summary': '<p>One day, an unexplained RR virus appeared on the earth, drawing the world into disaster. Infected animals mutated into terrible monsters, invaded massively, and humans built walls around the destruction and established the base city as the last bastion for humans. The suffering that mankind has experienced during this period of time is known as the ""Great Nirvana Period."" Not only that, Luo Feng not only carried the burden of supporting the family but also to protect the human homeland, for the better survival and development of mankind, together with other justice warriors, to join hands against the fierce monsters. Under the desperate situation of the end, can Luo Feng and other warriors repel monsters and successfully protect the human world?</p>', 'updated': 1648370962, '_links': {'self': {'href': 'https://api.tvmaze.com/shows/52178'}, 'previousepisode': {'href': 'https://api.tvmaze.com/episodes/2259027'}}}}"
2052506,https://www.tvmaze.com/episodes/2052506/wu-shen-zhu-zai-1x81-episode-81,Episode 81,1,81.0,regular,2020-12-06,10:00,2020-12-06T02:00:00+00:00,8.0,{'average': None},,,{'self': {'href': 'https://api.tvmaze.com/episodes/2052506'}},"{'show': {'id': 54033, 'url': 'https://www.tvmaze.com/shows/54033/wu-shen-zhu-zai', 'name': 'Wu Shen Zhu Zai', 'type': 'Animation', 'language': 'Chinese', 'genres': ['Action', 'Adventure', 'Anime', 'Fantasy'], 'status': 'Running', 'runtime': 8, 'averageRuntime': 8, 'premiered': '2020-03-08', 'ended': None, 'officialSite': 'https://v.qq.com/detail/m/7q544xyrava3vxf.html', 'schedule': {'time': '10:00', 'days': ['Tuesday', 'Sunday']}, 'rating': {'average': None}, 'weight': 76, 'network': None, 'webChannel': {'id': 104, 'name': 'Tencent QQ', 'country': {'name': 'China', 'code': 'CN', 'timezone': 'Asia/Shanghai'}, 'officialSite': 'https://v.qq.com/'}, 'dvdCountry': None, 'externals': {'tvrage': None, 'thetvdb': 379070, 'imdb': None}, 'image': {'medium': 'https://static.tvmaze.com/uploads/images/medium_portrait/299/748854.jpg', 'original': 'https://static.tvmaze.com/uploads/images/original_untouched/299/748854.jpg'}, 'summary': ""<p>The protagonist Qin Chen, who was originally the top genius in the military domain, was conspired by the people to fall into the death canyon in the forbidden land of the mainland. Qin Chen, who was inevitably dead, unexpectedly triggered the power of the mysterious ancient sword.<br /><br />Three hundred years later, in a remote part of the Tianwu mainland, a boy of the same name accidentally inherited Qin Chen's will. As the beloved grandson of King Dingwu of the Daqi National Army, due to the birth father's birth, the mother and son were treated coldly in Dingwu's palace and lived together. In order to rewrite the myth of the strong man in hope of the sun, and to protect everything he loves, Qin Chen resolutely took up the responsibility of maintaining the five kingdoms of the world and set foot on the road of martial arts again.</p>"", 'updated': 1649423444, '_links': {'self': {'href': 'https://api.tvmaze.com/shows/54033'}, 'previousepisode': {'href': 'https://api.tvmaze.com/episodes/2309407'}, 'nextepisode': {'href': 'https://api.tvmaze.com/episodes/2309408'}}}}"
2138924,https://www.tvmaze.com/episodes/2138924/tokyo-joshi-pro-wrestling-2020-12-06-tjpw-fall-tour-20-womm-wrestling-of-my-mind,TJPW Fall Tour '20 ~ WOMM (Wrestling Of My Mind) ~,2020,42.0,regular,2020-12-06,12:00,2020-12-06T03:00:00+00:00,120.0,{'average': None},,,{'self': {'href': 'https://api.tvmaze.com/episodes/2138924'}},"{'show': {'id': 49740, 'url': 'https://www.tvmaze.com/shows/49740/tokyo-joshi-pro-wrestling', 'name': 'Tokyo Joshi Pro Wrestling', 'type': 'Sports', 'language': 'Japanese', 'genres': [], 'status': 'Running', 'runtime': 120, 'averageRuntime': 120, 'premiered': '2013-01-30', 'ended': None, 'officialSite': 'https://www.ddtpro.com/', 'schedule': {'time': '12:00', 'days': ['Saturday']}, 'rating': {'average': None}, 'weight': 13, 'network': None, 'webChannel': {'id': 408, 'name': 'DDTUniverse', 'country': {'name': 'Japan', 'code': 'JP', 'timezone': 'Asia/Tokyo'}, 'officialSite': None}, 'dvdCountry': None, 'externals': {'tvrage': None, 'thetvdb': 375304, 'imdb': 'tt10784214'}, 'image': {'medium': 'https://static.tvmaze.com/uploads/images/medium_portrait/268/670796.jpg', 'original': 'https://static.tvmaze.com/uploads/images/original_untouched/268/670796.jpg'}, 'summary': None, 'updated': 1651764342, '_links': {'self': {'href': 'https://api.tvmaze.com/shows/49740'}, 'previousepisode': {'href': 'https://api.tvmaze.com/episodes/2319050'}, 'nextepisode': {'href': 'https://api.tvmaze.com/episodes/2319051'}}}}"
2012320,https://www.tvmaze.com/episodes/2012320/mans-diary-2x05-episode-5,Episode 5,2,5.0,regular,2020-12-06,,2020-12-06T04:00:00+00:00,12.0,{'average': None},,,{'self': {'href': 'https://api.tvmaze.com/episodes/2012320'}},"{'show': {'id': 50398, 'url': 'https://www.tvmaze.com/shows/50398/mans-diary', 'name': ""Man's Diary"", 'type': 'Animation', 'language': 'Chinese', 'genres': ['Anime', 'Supernatural'], 'status': 'Running', 'runtime': 12, 'averageRuntime': 12, 'premiered': '2019-07-21', 'ended': None, 'officialSite': 'https://www.bilibili.com/bangumi/media/md4314622', 'schedule': {'time': '', 'days': ['Sunday']}, 'rating': {'average': None}, 'weight': 3, 'network': None, 'webChannel': {'id': 51, 'name': 'Bilibili', 'country': {'name': 'China', 'code': 'CN', 'timezone': 'Asia/Shanghai'}, 'officialSite': None}, 'dvdCountry': None, 'externals': {'tvrage': None, 'thetvdb': 379528, 'imdb': None}, 'image': {'medium': 'https://static.tvmaze.com/uploads/images/medium_portrait/273/683332.jpg', 'original': 'https://static.tvmaze.com/uploads/images/original_untouched/273/683332.jpg'}, 'summary': '<p>In the twenty-first century, gods and demons can no longer maintain balance due to the rapid development of human society. In an effort to restore proper order, the gods began to take care of saving the world, for which they sent a group of gods and monsters to the world of people, who must find there the "" key "" to salvation. Su moting is a girl with the personality of ""demon child"". When her parents asked her to leave home so that she could become independent and independent, she met the beautiful and charming God of Tianjin and the mysterious demon cat. So begins a new turbulent round of su moting\'s life.</p><p><br />\xa0</p>', 'updated': 1611039497, '_links': {'self': {'href': 'https://api.tvmaze.com/shows/50398'}, 'previousepisode': {'href': 'https://api.tvmaze.com/episodes/2012327'}}}}"
1957067,https://www.tvmaze.com/episodes/1957067/atlantic-crossing-1x07-gaven,Gaven,1,7.0,regular,2020-12-06,06:00,2020-12-06T05:00:00+00:00,54.0,{'average': 8.3},"{'medium': 'https://static.tvmaze.com/uploads/images/medium_landscape/284/711894.jpg', 'original': 'https://static.tvmaze.com/uploads/images/original_untouched/284/711894.jpg'}",<p>Märtha ends up in a quandary when the president announces that he wants to support Norway and asks her to say how she feels about him.</p>,{'self': {'href': 'https://api.tvmaze.com/episodes/1957067'}},"{'show': {'id': 44659, 'url': 'https://www.tvmaze.com/shows/44659/atlantic-crossing', 'name': 'Atlantic Crossing', 'type': 'Scripted', 'language': 'Norwegian', 'genres': ['Drama', 'War', 'History'], 'status': 'Ended', 'runtime': None, 'averageRuntime': 55, 'premiered': '2020-10-25', 'ended': '2020-12-13', 'officialSite': 'https://tv.nrk.no/serie/atlantic-crossing', 'schedule': {'time': '06:00', 'days': ['Sunday']}, 'rating': {'average': 8}, 'weight': 83, 'network': None, 'webChannel': {'id': 238, 'name': 'NRK TV', 'country': {'name': 'Norway', 'code': 'NO', 'timezone': 'Europe/Oslo'}, 'officialSite': None}, 'dvdCountry': None, 'externals': {'tvrage': None, 'thetvdb': 366083, 'imdb': 'tt9348700'}, 'image': {'medium': 'https://static.tvmaze.com/uploads/images/medium_portrait/217/542797.jpg', 'original': 'https://static.tvmaze.com/uploads/images/original_untouched/217/542797.jpg'}, 'summary': ""<p>1940. Norway is occupied by Nazi Germany. Crown Princess Märtha and her children find shelter as political refugees in the White House. Her presence in Washington soon influences President Roosevelt's views on the tragic events unfolding in Europe and eventually changes the dynamics of U.S. politics significantly. What starts as an affair turns into love and turmoil when Märtha speaks out publicly against the Nazi tyranny. In an attempt to fight for her country, she puts her marriage at risk and convinces the President to support Norway – a first step in the struggle that will lead to the U.S. joining the War. However, Märtha's actions cause her to make many enemies, some of them even closer than she thinks: within the walls of the White House.</p>"", 'updated': 1648485508, '_links': {'self': {'href': 'https://api.tvmaze.com/shows/44659'}, 'previousepisode': {'href': 'https://api.tvmaze.com/episodes/1962674'}}}}"
1977314,https://www.tvmaze.com/episodes/1977314/stjernestov-1x06-episode-6,Episode 6,1,6.0,regular,2020-12-06,06:00,2020-12-06T05:00:00+00:00,18.0,{'average': None},"{'medium': 'https://static.tvmaze.com/uploads/images/medium_landscape/290/726340.jpg', 'original': 'https://static.tvmaze.com/uploads/images/original_untouched/290/726340.jpg'}",,{'self': {'href': 'https://api.tvmaze.com/episodes/1977314'}},"{'show': {'id': 50752, 'url': 'https://www.tvmaze.com/shows/50752/stjernestov', 'name': 'Stjernestøv', 'type': 'Scripted', 'language': 'Norwegian', 'genres': ['Drama', 'Children', 'Family'], 'status': 'Ended', 'runtime': 20, 'averageRuntime': 20, 'premiered': '2020-12-01', 'ended': '2020-12-24', 'officialSite': 'https://tv.nrk.no/serie/stjernestoev', 'schedule': {'time': '06:00', 'days': ['Monday', 'Tuesday', 'Wednesday', 'Thursday', 'Friday', 'Saturday', 'Sunday']}, 'rating': {'average': None}, 'weight': 22, 'network': None, 'webChannel': {'id': 238, 'name': 'NRK TV', 'country': {'name': 'Norway', 'code': 'NO', 'timezone': 'Europe/Oslo'}, 'officialSite': None}, 'dvdCountry': None, 'externals': {'tvrage': None, 'thetvdb': 392649, 'imdb': 'tt11492320'}, 'image': {'medium': 'https://static.tvmaze.com/uploads/images/medium_portrait/288/721951.jpg', 'original': 'https://static.tvmaze.com/uploads/images/original_untouched/288/721951.jpg'}, 'summary': '<p>The parents get divorced and Jo has to move to a new place. One day, Nordstjerna goes out, and Jo discovers that a girl with magical powers lives in the attic.</p>', 'updated': 1611436842, '_links': {'self': {'href': 'https://api.tvmaze.com/shows/50752'}, 'previousepisode': {'href': 'https://api.tvmaze.com/episodes/1977332'}}}}"
1974049,https://www.tvmaze.com/episodes/1974049/love-revolution-1x23-episode-23,Episode 23,1,23.0,regular,2020-12-06,17:00,2020-12-06T08:00:00+00:00,20.0,{'average': None},,,{'self': {'href': 'https://api.tvmaze.com/episodes/1974049'}},"{'show': {'id': 49948, 'url': 'https://www.tvmaze.com/shows/49948/love-revolution', 'name': 'Love Revolution', 'type': 'Scripted', 'language': 'Korean', 'genres': ['Drama', 'Comedy', 'Romance'], 'status': 'Ended', 'runtime': 20, 'averageRuntime': 20, 'premiered': '2020-09-01', 'ended': '2020-12-27', 'officialSite': 'https://tv.kakao.com/channel/3643849/cliplink/412069527?metaObjectType=Channel', 'schedule': {'time': '17:00', 'days': ['Thursday', 'Sunday']}, 'rating': {'average': None}, 'weight': 34, 'network': None, 'webChannel': {'id': 294, 'name': 'Kakao TV', 'country': {'name': 'Korea, Republic of', 'code': 'KR', 'timezone': 'Asia/Seoul'}, 'officialSite': 'https://tv.kakao.com/top'}, 'dvdCountry': None, 'externals': {'tvrage': None, 'thetvdb': 386111, 'imdb': None}, 'image': {'medium': 'https://static.tvmaze.com/uploads/images/medium_portrait/269/674781.jpg', 'original': 'https://static.tvmaze.com/uploads/images/original_untouched/269/674781.jpg'}, 'summary': '<p>The story of the ""unique romance"" about teenagers navigating love, friendship, and the chaos of high school. The story will focus mainly on Gong Joo Young, a cute and lovable student who falls in love at first sight with the standoffish and popular Wang Ja Rim. Unwavering in his love for Wang Ja Rim, the confident and cheerful Gong Joo Young isn\'t shy about his feelings and is determined to win her heart no matter what. However, despite his gentle, sweet nature when it comes to love, Gong Joo Young is also a steadfast, loyal friend who shows off a tougher and more mature side when his friends need his help.</p>', 'updated': 1609616788, '_links': {'self': {'href': 'https://api.tvmaze.com/shows/49948'}, 'previousepisode': {'href': 'https://api.tvmaze.com/episodes/1974056'}}}}"
1965922,https://www.tvmaze.com/episodes/1965922/new-japan-pro-wrestling-2020-12-06-world-tag-league-2020best-of-the-super-jr27-night-9,WORLD TAG LEAGUE 2020/BEST OF THE SUPER Jr.27 Night 9,2020,85.0,regular,2020-12-06,18:00,2020-12-06T09:00:00+00:00,120.0,{'average': None},,,{'self': {'href': 'https://api.tvmaze.com/episodes/1965922'}},"{'show': {'id': 24963, 'url': 'https://www.tvmaze.com/shows/24963/new-japan-pro-wrestling', 'name': 'New Japan Pro Wrestling', 'type': 'Sports', 'language': 'Japanese', 'genres': [], 'status': 'Running', 'runtime': 120, 'averageRuntime': 97, 'premiered': '2015-01-04', 'ended': None, 'officialSite': 'http://www.njpw1972.com/', 'schedule': {'time': '', 'days': ['Friday']}, 'rating': {'average': None}, 'weight': 60, 'network': None, 'webChannel': {'id': 160, 'name': 'NJPW World', 'country': {'name': 'Japan', 'code': 'JP', 'timezone': 'Asia/Tokyo'}, 'officialSite': None}, 'dvdCountry': None, 'externals': {'tvrage': None, 'thetvdb': None, 'imdb': None}, 'image': {'medium': 'https://static.tvmaze.com/uploads/images/medium_portrait/96/240462.jpg', 'original': 'https://static.tvmaze.com/uploads/images/original_untouched/96/240462.jpg'}, 'summary': '<p><b>New Japan Pro Wrestling</b> (NJPW) is the largest professional wrestling promotion in Japan and the second largest promotion in the world.</p>', 'updated': 1650983676, '_links': {'self': {'href': 'https://api.tvmaze.com/shows/24963'}, 'previousepisode': {'href': 'https://api.tvmaze.com/episodes/2319076'}, 'nextepisode': {'href': 'https://api.tvmaze.com/episodes/2319667'}}}}"
1981693,https://www.tvmaze.com/episodes/1981693/meisje-van-plezier-3x01-aflevering-1,Aflevering 1,3,1.0,regular,2020-12-06,,2020-12-06T11:00:00+00:00,45.0,{'average': None},"{'medium': 'https://static.tvmaze.com/uploads/images/medium_landscape/287/719267.jpg', 'original': 'https://static.tvmaze.com/uploads/images/original_untouched/287/719267.jpg'}",,{'self': {'href': 'https://api.tvmaze.com/episodes/1981693'}},"{'show': {'id': 31770, 'url': 'https://www.tvmaze.com/shows/31770/meisje-van-plezier', 'name': 'Meisje van Plezier', 'type': 'Scripted', 'language': 'Dutch', 'genres': ['Drama', 'Adult'], 'status': 'Running', 'runtime': 45, 'averageRuntime': 48, 'premiered': '2017-09-10', 'ended': None, 'officialSite': 'https://www.videoland.com/series/1062/meisje-van-plezier/1976', 'schedule': {'time': '', 'days': ['Sunday']}, 'rating': {'average': None}, 'weight': 74, 'network': None, 'webChannel': {'id': 12, 'name': 'Videoland', 'country': {'name': 'Netherlands', 'code': 'NL', 'timezone': 'Europe/Amsterdam'}, 'officialSite': 'https://www.videoland.com/'}, 'dvdCountry': None, 'externals': {'tvrage': None, 'thetvdb': 333829, 'imdb': 'tt7277876'}, 'image': {'medium': 'https://static.tvmaze.com/uploads/images/medium_portrait/234/586607.jpg', 'original': 'https://static.tvmaze.com/uploads/images/original_untouched/234/586607.jpg'}, 'summary': '<p>The marriage of Nadine and Remco seems to be ok: he is making earnings, she is taking care of their kids. Everything seems to be fine, until Remco confesses his cheating on her with her halfsister and leaves. Nadine is inconsolable. But behind her tears, a small fire is spreading. She wants to fight for her self-esteem and radically changes her life.</p>', 'updated': 1607867000, '_links': {'self': {'href': 'https://api.tvmaze.com/shows/31770'}, 'previousepisode': {'href': 'https://api.tvmaze.com/episodes/1981700'}}}}"
1981694,https://www.tvmaze.com/episodes/1981694/meisje-van-plezier-3x02-aflevering-2,Aflevering 2,3,2.0,regular,2020-12-06,,2020-12-06T11:00:00+00:00,45.0,{'average': None},"{'medium': 'https://static.tvmaze.com/uploads/images/medium_landscape/287/719268.jpg', 'original': 'https://static.tvmaze.com/uploads/images/original_untouched/287/719268.jpg'}",,{'self': {'href': 'https://api.tvmaze.com/episodes/1981694'}},"{'show': {'id': 31770, 'url': 'https://www.tvmaze.com/shows/31770/meisje-van-plezier', 'name': 'Meisje van Plezier', 'type': 'Scripted', 'language': 'Dutch', 'genres': ['Drama', 'Adult'], 'status': 'Running', 'runtime': 45, 'averageRuntime': 48, 'premiered': '2017-09-10', 'ended': None, 'officialSite': 'https://www.videoland.com/series/1062/meisje-van-plezier/1976', 'schedule': {'time': '', 'days': ['Sunday']}, 'rating': {'average': None}, 'weight': 74, 'network': None, 'webChannel': {'id': 12, 'name': 'Videoland', 'country': {'name': 'Netherlands', 'code': 'NL', 'timezone': 'Europe/Amsterdam'}, 'officialSite': 'https://www.videoland.com/'}, 'dvdCountry': None, 'externals': {'tvrage': None, 'thetvdb': 333829, 'imdb': 'tt7277876'}, 'image': {'medium': 'https://static.tvmaze.com/uploads/images/medium_portrait/234/586607.jpg', 'original': 'https://static.tvmaze.com/uploads/images/original_untouched/234/586607.jpg'}, 'summary': '<p>The marriage of Nadine and Remco seems to be ok: he is making earnings, she is taking care of their kids. Everything seems to be fine, until Remco confesses his cheating on her with her halfsister and leaves. Nadine is inconsolable. But behind her tears, a small fire is spreading. She wants to fight for her self-esteem and radically changes her life.</p>', 'updated': 1607867000, '_links': {'self': {'href': 'https://api.tvmaze.com/shows/31770'}, 'previousepisode': {'href': 'https://api.tvmaze.com/episodes/1981700'}}}}"
1981695,https://www.tvmaze.com/episodes/1981695/meisje-van-plezier-3x03-aflevering-3,Aflevering 3,3,3.0,regular,2020-12-06,,2020-12-06T11:00:00+00:00,45.0,{'average': None},"{'medium': 'https://static.tvmaze.com/uploads/images/medium_landscape/287/719269.jpg', 'original': 'https://static.tvmaze.com/uploads/images/original_untouched/287/719269.jpg'}",,{'self': {'href': 'https://api.tvmaze.com/episodes/1981695'}},"{'show': {'id': 31770, 'url': 'https://www.tvmaze.com/shows/31770/meisje-van-plezier', 'name': 'Meisje van Plezier', 'type': 'Scripted', 'language': 'Dutch', 'genres': ['Drama', 'Adult'], 'status': 'Running', 'runtime': 45, 'averageRuntime': 48, 'premiered': '2017-09-10', 'ended': None, 'officialSite': 'https://www.videoland.com/series/1062/meisje-van-plezier/1976', 'schedule': {'time': '', 'days': ['Sunday']}, 'rating': {'average': None}, 'weight': 74, 'network': None, 'webChannel': {'id': 12, 'name': 'Videoland', 'country': {'name': 'Netherlands', 'code': 'NL', 'timezone': 'Europe/Amsterdam'}, 'officialSite': 'https://www.videoland.com/'}, 'dvdCountry': None, 'externals': {'tvrage': None, 'thetvdb': 333829, 'imdb': 'tt7277876'}, 'image': {'medium': 'https://static.tvmaze.com/uploads/images/medium_portrait/234/586607.jpg', 'original': 'https://static.tvmaze.com/uploads/images/original_untouched/234/586607.jpg'}, 'summary': '<p>The marriage of Nadine and Remco seems to be ok: he is making earnings, she is taking care of their kids. Everything seems to be fine, until Remco confesses his cheating on her with her halfsister and leaves. Nadine is inconsolable. But behind her tears, a small fire is spreading. She wants to fight for her self-esteem and radically changes her life.</p>', 'updated': 1607867000, '_links': {'self': {'href': 'https://api.tvmaze.com/shows/31770'}, 'previousepisode': {'href': 'https://api.tvmaze.com/episodes/1981700'}}}}"
1981696,https://www.tvmaze.com/episodes/1981696/meisje-van-plezier-3x04-aflevering-4,Aflevering 4,3,4.0,regular,2020-12-06,,2020-12-06T11:00:00+00:00,45.0,{'average': None},"{'medium': 'https://static.tvmaze.com/uploads/images/medium_landscape/287/719270.jpg', 'original': 'https://static.tvmaze.com/uploads/images/original_untouched/287/719270.jpg'}",,{'self': {'href': 'https://api.tvmaze.com/episodes/1981696'}},"{'show': {'id': 31770, 'url': 'https://www.tvmaze.com/shows/31770/meisje-van-plezier', 'name': 'Meisje van Plezier', 'type': 'Scripted', 'language': 'Dutch', 'genres': ['Drama', 'Adult'], 'status': 'Running', 'runtime': 45, 'averageRuntime': 48, 'premiered': '2017-09-10', 'ended': None, 'officialSite': 'https://www.videoland.com/series/1062/meisje-van-plezier/1976', 'schedule': {'time': '', 'days': ['Sunday']}, 'rating': {'average': None}, 'weight': 74, 'network': None, 'webChannel': {'id': 12, 'name': 'Videoland', 'country': {'name': 'Netherlands', 'code': 'NL', 'timezone': 'Europe/Amsterdam'}, 'officialSite': 'https://www.videoland.com/'}, 'dvdCountry': None, 'externals': {'tvrage': None, 'thetvdb': 333829, 'imdb': 'tt7277876'}, 'image': {'medium': 'https://static.tvmaze.com/uploads/images/medium_portrait/234/586607.jpg', 'original': 'https://static.tvmaze.com/uploads/images/original_untouched/234/586607.jpg'}, 'summary': '<p>The marriage of Nadine and Remco seems to be ok: he is making earnings, she is taking care of their kids. Everything seems to be fine, until Remco confesses his cheating on her with her halfsister and leaves. Nadine is inconsolable. But behind her tears, a small fire is spreading. She wants to fight for her self-esteem and radically changes her life.</p>', 'updated': 1607867000, '_links': {'self': {'href': 'https://api.tvmaze.com/shows/31770'}, 'previousepisode': {'href': 'https://api.tvmaze.com/episodes/1981700'}}}}"
1981697,https://www.tvmaze.com/episodes/1981697/meisje-van-plezier-3x05-episode-5,Episode 5,3,5.0,regular,2020-12-06,,2020-12-06T11:00:00+00:00,45.0,{'average': None},"{'medium': 'https://static.tvmaze.com/uploads/images/medium_landscape/287/719271.jpg', 'original': 'https://static.tvmaze.com/uploads/images/original_untouched/287/719271.jpg'}",,{'self': {'href': 'https://api.tvmaze.com/episodes/1981697'}},"{'show': {'id': 31770, 'url': 'https://www.tvmaze.com/shows/31770/meisje-van-plezier', 'name': 'Meisje van Plezier', 'type': 'Scripted', 'language': 'Dutch', 'genres': ['Drama', 'Adult'], 'status': 'Running', 'runtime': 45, 'averageRuntime': 48, 'premiered': '2017-09-10', 'ended': None, 'officialSite': 'https://www.videoland.com/series/1062/meisje-van-plezier/1976', 'schedule': {'time': '', 'days': ['Sunday']}, 'rating': {'average': None}, 'weight': 74, 'network': None, 'webChannel': {'id': 12, 'name': 'Videoland', 'country': {'name': 'Netherlands', 'code': 'NL', 'timezone': 'Europe/Amsterdam'}, 'officialSite': 'https://www.videoland.com/'}, 'dvdCountry': None, 'externals': {'tvrage': None, 'thetvdb': 333829, 'imdb': 'tt7277876'}, 'image': {'medium': 'https://static.tvmaze.com/uploads/images/medium_portrait/234/586607.jpg', 'original': 'https://static.tvmaze.com/uploads/images/original_untouched/234/586607.jpg'}, 'summary': '<p>The marriage of Nadine and Remco seems to be ok: he is making earnings, she is taking care of their kids. Everything seems to be fine, until Remco confesses his cheating on her with her halfsister and leaves. Nadine is inconsolable. But behind her tears, a small fire is spreading. She wants to fight for her self-esteem and radically changes her life.</p>', 'updated': 1607867000, '_links': {'self': {'href': 'https://api.tvmaze.com/shows/31770'}, 'previousepisode': {'href': 'https://api.tvmaze.com/episodes/1981700'}}}}"
1981698,https://www.tvmaze.com/episodes/1981698/meisje-van-plezier-3x06-episode-6,Episode 6,3,6.0,regular,2020-12-06,,2020-12-06T11:00:00+00:00,45.0,{'average': None},"{'medium': 'https://static.tvmaze.com/uploads/images/medium_landscape/287/719272.jpg', 'original': 'https://static.tvmaze.com/uploads/images/original_untouched/287/719272.jpg'}",,{'self': {'href': 'https://api.tvmaze.com/episodes/1981698'}},"{'show': {'id': 31770, 'url': 'https://www.tvmaze.com/shows/31770/meisje-van-plezier', 'name': 'Meisje van Plezier', 'type': 'Scripted', 'language': 'Dutch', 'genres': ['Drama', 'Adult'], 'status': 'Running', 'runtime': 45, 'averageRuntime': 48, 'premiered': '2017-09-10', 'ended': None, 'officialSite': 'https://www.videoland.com/series/1062/meisje-van-plezier/1976', 'schedule': {'time': '', 'days': ['Sunday']}, 'rating': {'average': None}, 'weight': 74, 'network': None, 'webChannel': {'id': 12, 'name': 'Videoland', 'country': {'name': 'Netherlands', 'code': 'NL', 'timezone': 'Europe/Amsterdam'}, 'officialSite': 'https://www.videoland.com/'}, 'dvdCountry': None, 'externals': {'tvrage': None, 'thetvdb': 333829, 'imdb': 'tt7277876'}, 'image': {'medium': 'https://static.tvmaze.com/uploads/images/medium_portrait/234/586607.jpg', 'original': 'https://static.tvmaze.com/uploads/images/original_untouched/234/586607.jpg'}, 'summary': '<p>The marriage of Nadine and Remco seems to be ok: he is making earnings, she is taking care of their kids. Everything seems to be fine, until Remco confesses his cheating on her with her halfsister and leaves. Nadine is inconsolable. But behind her tears, a small fire is spreading. She wants to fight for her self-esteem and radically changes her life.</p>', 'updated': 1607867000, '_links': {'self': {'href': 'https://api.tvmaze.com/shows/31770'}, 'previousepisode': {'href': 'https://api.tvmaze.com/episodes/1981700'}}}}"
1981699,https://www.tvmaze.com/episodes/1981699/meisje-van-plezier-3x07-episode-7,Episode 7,3,7.0,regular,2020-12-06,,2020-12-06T11:00:00+00:00,45.0,{'average': None},"{'medium': 'https://static.tvmaze.com/uploads/images/medium_landscape/287/719273.jpg', 'original': 'https://static.tvmaze.com/uploads/images/original_untouched/287/719273.jpg'}",,{'self': {'href': 'https://api.tvmaze.com/episodes/1981699'}},"{'show': {'id': 31770, 'url': 'https://www.tvmaze.com/shows/31770/meisje-van-plezier', 'name': 'Meisje van Plezier', 'type': 'Scripted', 'language': 'Dutch', 'genres': ['Drama', 'Adult'], 'status': 'Running', 'runtime': 45, 'averageRuntime': 48, 'premiered': '2017-09-10', 'ended': None, 'officialSite': 'https://www.videoland.com/series/1062/meisje-van-plezier/1976', 'schedule': {'time': '', 'days': ['Sunday']}, 'rating': {'average': None}, 'weight': 74, 'network': None, 'webChannel': {'id': 12, 'name': 'Videoland', 'country': {'name': 'Netherlands', 'code': 'NL', 'timezone': 'Europe/Amsterdam'}, 'officialSite': 'https://www.videoland.com/'}, 'dvdCountry': None, 'externals': {'tvrage': None, 'thetvdb': 333829, 'imdb': 'tt7277876'}, 'image': {'medium': 'https://static.tvmaze.com/uploads/images/medium_portrait/234/586607.jpg', 'original': 'https://static.tvmaze.com/uploads/images/original_untouched/234/586607.jpg'}, 'summary': '<p>The marriage of Nadine and Remco seems to be ok: he is making earnings, she is taking care of their kids. Everything seems to be fine, until Remco confesses his cheating on her with her halfsister and leaves. Nadine is inconsolable. But behind her tears, a small fire is spreading. She wants to fight for her self-esteem and radically changes her life.</p>', 'updated': 1607867000, '_links': {'self': {'href': 'https://api.tvmaze.com/shows/31770'}, 'previousepisode': {'href': 'https://api.tvmaze.com/episodes/1981700'}}}}"
1981700,https://www.tvmaze.com/episodes/1981700/meisje-van-plezier-3x08-episode-8,Episode 8,3,8.0,regular,2020-12-06,,2020-12-06T11:00:00+00:00,45.0,{'average': None},"{'medium': 'https://static.tvmaze.com/uploads/images/medium_landscape/287/719274.jpg', 'original': 'https://static.tvmaze.com/uploads/images/original_untouched/287/719274.jpg'}",,{'self': {'href': 'https://api.tvmaze.com/episodes/1981700'}},"{'show': {'id': 31770, 'url': 'https://www.tvmaze.com/shows/31770/meisje-van-plezier', 'name': 'Meisje van Plezier', 'type': 'Scripted', 'language': 'Dutch', 'genres': ['Drama', 'Adult'], 'status': 'Running', 'runtime': 45, 'averageRuntime': 48, 'premiered': '2017-09-10', 'ended': None, 'officialSite': 'https://www.videoland.com/series/1062/meisje-van-plezier/1976', 'schedule': {'time': '', 'days': ['Sunday']}, 'rating': {'average': None}, 'weight': 74, 'network': None, 'webChannel': {'id': 12, 'name': 'Videoland', 'country': {'name': 'Netherlands', 'code': 'NL', 'timezone': 'Europe/Amsterdam'}, 'officialSite': 'https://www.videoland.com/'}, 'dvdCountry': None, 'externals': {'tvrage': None, 'thetvdb': 333829, 'imdb': 'tt7277876'}, 'image': {'medium': 'https://static.tvmaze.com/uploads/images/medium_portrait/234/586607.jpg', 'original': 'https://static.tvmaze.com/uploads/images/original_untouched/234/586607.jpg'}, 'summary': '<p>The marriage of Nadine and Remco seems to be ok: he is making earnings, she is taking care of their kids. Everything seems to be fine, until Remco confesses his cheating on her with her halfsister and leaves. Nadine is inconsolable. But behind her tears, a small fire is spreading. She wants to fight for her self-esteem and radically changes her life.</p>', 'updated': 1607867000, '_links': {'self': {'href': 'https://api.tvmaze.com/shows/31770'}, 'previousepisode': {'href': 'https://api.tvmaze.com/episodes/1981700'}}}}"
1977249,https://www.tvmaze.com/episodes/1977249/30-monedas-1x02-ouija,Ouija,1,2.0,regular,2020-12-06,,2020-12-06T11:00:00+00:00,62.0,{'average': 9},"{'medium': 'https://static.tvmaze.com/uploads/images/medium_landscape/401/1003921.jpg', 'original': 'https://static.tvmaze.com/uploads/images/original_untouched/401/1003921.jpg'}","<p>When a local teenager suddenly disappears, Elena explores Father Vergara's possible connection. As more untimely deaths befall the town, Marquess Roque presents Elena with an enticing job offer, and Merche urges Paco to keep his distance.</p>",{'self': {'href': 'https://api.tvmaze.com/episodes/1977249'}},"{'show': {'id': 49524, 'url': 'https://www.tvmaze.com/shows/49524/30-monedas', 'name': '30 Monedas', 'type': 'Scripted', 'language': 'Spanish', 'genres': ['Horror', 'Thriller', 'Mystery'], 'status': 'Running', 'runtime': 60, 'averageRuntime': 64, 'premiered': '2020-11-29', 'ended': None, 'officialSite': 'https://es.hboespana.com/series/30-coins/37b0ccfe-0bf1-489e-b2a3-cae9f6307eb6', 'schedule': {'time': '', 'days': ['Sunday']}, 'rating': {'average': 8.1}, 'weight': 88, 'network': {'id': 8, 'name': 'HBO', 'country': {'name': 'United States', 'code': 'US', 'timezone': 'America/New_York'}, 'officialSite': 'https://www.hbo.com/'}, 'webChannel': None, 'dvdCountry': None, 'externals': {'tvrage': None, 'thetvdb': 369414, 'imdb': 'tt9764386'}, 'image': {'medium': 'https://static.tvmaze.com/uploads/images/medium_portrait/285/713990.jpg', 'original': 'https://static.tvmaze.com/uploads/images/original_untouched/285/713990.jpg'}, 'summary': '<p>Father Vergara is an exorcist, boxer and ex-convict who is exiled by the church to be the priest of a remote town in Spain. He wants to forget and be forgotten, but his enemies will soon find him. Strange things begin to happen, and an unlikely task force of Mayor Paco and local vet Elena seek the truth, whilst reality is distorted by a cursed coin which is at the heart of a global conspiracy.\xa0\xa0</p>', 'updated': 1648334894, '_links': {'self': {'href': 'https://api.tvmaze.com/shows/49524'}, 'previousepisode': {'href': 'https://api.tvmaze.com/episodes/1978017'}}}}"
1969247,https://www.tvmaze.com/episodes/1969247/norge-i-krise-1x04-episode-4,Episode 4,1,4.0,regular,2020-12-06,,2020-12-06T11:00:00+00:00,43.0,{'average': None},"{'medium': 'https://static.tvmaze.com/uploads/images/medium_landscape/287/719085.jpg', 'original': 'https://static.tvmaze.com/uploads/images/original_untouched/287/719085.jpg'}",,{'self': {'href': 'https://api.tvmaze.com/episodes/1969247'}},"{'show': {'id': 51812, 'url': 'https://www.tvmaze.com/shows/51812/norge-i-krise', 'name': 'Norge i krise', 'type': 'Documentary', 'language': 'Norwegian', 'genres': [], 'status': 'Running', 'runtime': None, 'averageRuntime': 38, 'premiered': '2020-10-13', 'ended': None, 'officialSite': 'https://sumo.tv2.no/programmer/fakta/norge-i-krise', 'schedule': {'time': '', 'days': ['Sunday']}, 'rating': {'average': None}, 'weight': 2, 'network': None, 'webChannel': {'id': 327, 'name': 'TV 2 Play', 'country': {'name': 'Norway', 'code': 'NO', 'timezone': 'Europe/Oslo'}, 'officialSite': None}, 'dvdCountry': None, 'externals': {'tvrage': None, 'thetvdb': None, 'imdb': None}, 'image': None, 'summary': '<p>In 2020, there is one theme that has overshadowed everything else - the pandemic. When Norway shut down, we turned on the cameras. Through unique access to decision makers, companies and various people, we have documented how we have all had our lives affected by a virus. We are close to the government and health officials who talk about some of their most difficult decisions. We see how nurses, teachers and entrepreneurs deal with a brutal reality with great upheavals and fears, and we follow Hurtigruten who is trying to maneuver through its biggest crisis ever. The result is a surprising, close and personal story about how we as humans and nation have lived under the threat of the coronavirus.</p>', 'updated': 1607464618, '_links': {'self': {'href': 'https://api.tvmaze.com/shows/51812'}, 'previousepisode': {'href': 'https://api.tvmaze.com/episodes/1969247'}}}}"
2111758,https://www.tvmaze.com/episodes/2111758/by-ana-milan-1x05-cuando-perdi-ese-lunar,Cuando perdí ese lunar,1,5.0,regular,2020-12-06,,2020-12-06T11:00:00+00:00,,{'average': None},,,{'self': {'href': 'https://api.tvmaze.com/episodes/2111758'}},"{'show': {'id': 52156, 'url': 'https://www.tvmaze.com/shows/52156/by-ana-milan', 'name': 'By Ana Milán', 'type': 'Scripted', 'language': 'Spanish', 'genres': ['Comedy'], 'status': 'Running', 'runtime': None, 'averageRuntime': None, 'premiered': '2020-11-08', 'ended': None, 'officialSite': 'https://www.atresplayer.com/series/byanamilan/', 'schedule': {'time': '', 'days': ['Sunday']}, 'rating': {'average': None}, 'weight': 25, 'network': None, 'webChannel': {'id': 377, 'name': 'ATRESplayer PREMIUM', 'country': {'name': 'Spain', 'code': 'ES', 'timezone': 'Europe/Madrid'}, 'officialSite': None}, 'dvdCountry': None, 'externals': {'tvrage': None, 'thetvdb': 390471, 'imdb': None}, 'image': {'medium': 'https://static.tvmaze.com/uploads/images/medium_portrait/285/714799.jpg', 'original': 'https://static.tvmaze.com/uploads/images/original_untouched/285/714799.jpg'}, 'summary': None, 'updated': 1623611405, '_links': {'self': {'href': 'https://api.tvmaze.com/shows/52156'}, 'previousepisode': {'href': 'https://api.tvmaze.com/episodes/2111761'}}}}"
1982656,https://www.tvmaze.com/episodes/1982656/jakten-pa-en-mordare-1x05-episode-5,Episode 5,1,5.0,regular,2020-12-06,,2020-12-06T11:00:00+00:00,60.0,{'average': 8},,"<p>Monica follows up a lead given to her at a party, visiting the co-workers of a man they describe as a pervert.</p>",{'self': {'href': 'https://api.tvmaze.com/episodes/1982656'}},"{'show': {'id': 52294, 'url': 'https://www.tvmaze.com/shows/52294/jakten-pa-en-mordare', 'name': 'Jakten på en mördare', 'type': 'Scripted', 'language': 'Swedish', 'genres': ['Drama', 'Crime', 'Mystery'], 'status': 'Ended', 'runtime': 60, 'averageRuntime': 60, 'premiered': '2020-11-15', 'ended': '2020-12-13', 'officialSite': 'https://www.svtplay.se/jakten-pa-en-mordare', 'schedule': {'time': '21:00', 'days': ['Sunday']}, 'rating': {'average': None}, 'weight': 42, 'network': None, 'webChannel': {'id': 190, 'name': 'SVT Play', 'country': {'name': 'Sweden', 'code': 'SE', 'timezone': 'Europe/Stockholm'}, 'officialSite': None}, 'dvdCountry': None, 'externals': {'tvrage': None, 'thetvdb': None, 'imdb': 'tt12693148'}, 'image': {'medium': 'https://static.tvmaze.com/uploads/images/medium_portrait/289/724568.jpg', 'original': 'https://static.tvmaze.com/uploads/images/original_untouched/289/724568.jpg'}, 'summary': ""<p>Series based on the murder of ten-year-old Helén Nilsson in Hörby in 1989, a case that shook the whole of Sweden. <b>Jakten på en mördare</b> is the story of Per-Åke Åkesson and the reconnaissance group that solved several murders of women in northeastern Skåne and finally the unsolvable case of Helén. The series is based on Tobias Barkman's reportage book about one of Sweden's most skilled murder detectives.</p>"", 'updated': 1630697590, '_links': {'self': {'href': 'https://api.tvmaze.com/shows/52294'}, 'previousepisode': {'href': 'https://api.tvmaze.com/episodes/1982657'}}}}"
1990226,https://www.tvmaze.com/episodes/1990226/lassemajas-detektivbyra-1x01-brandkarsmysteriet,Brandkårsmysteriet,1,1.0,regular,2020-12-06,,2020-12-06T11:00:00+00:00,42.0,{'average': None},,,{'self': {'href': 'https://api.tvmaze.com/episodes/1990226'}},"{'show': {'id': 52571, 'url': 'https://www.tvmaze.com/shows/52571/lassemajas-detektivbyra', 'name': 'LasseMajas Detektivbyrå', 'type': 'Scripted', 'language': 'Swedish', 'genres': ['Drama', 'Family', 'Mystery'], 'status': 'Running', 'runtime': 42, 'averageRuntime': 42, 'premiered': '2020-12-06', 'ended': None, 'officialSite': 'https://www.cmore.se/serie/208411-lassemajas-detektivbyra', 'schedule': {'time': '', 'days': ['Friday']}, 'rating': {'average': None}, 'weight': 18, 'network': None, 'webChannel': {'id': 170, 'name': 'C More', 'country': {'name': 'Sweden', 'code': 'SE', 'timezone': 'Europe/Stockholm'}, 'officialSite': None}, 'dvdCountry': None, 'externals': {'tvrage': None, 'thetvdb': 391159, 'imdb': 'tt13614746'}, 'image': {'medium': 'https://static.tvmaze.com/uploads/images/medium_portrait/290/725748.jpg', 'original': 'https://static.tvmaze.com/uploads/images/original_untouched/290/725748.jpg'}, 'summary': '<p>This family series revolves around the two friends Lasse and Maja who run a detective agency together in the small town of Valleby. They investigate all possible mysteries and contribute crucial pieces to the police chief, played by Anders Jansson.</p>', 'updated': 1621926906, '_links': {'self': {'href': 'https://api.tvmaze.com/shows/52571'}, 'previousepisode': {'href': 'https://api.tvmaze.com/episodes/1990231'}}}}"
1990227,https://www.tvmaze.com/episodes/1990227/lassemajas-detektivbyra-1x02-skolmysteriet,Skolmysteriet,1,2.0,regular,2020-12-06,,2020-12-06T11:00:00+00:00,42.0,{'average': None},,,{'self': {'href': 'https://api.tvmaze.com/episodes/1990227'}},"{'show': {'id': 52571, 'url': 'https://www.tvmaze.com/shows/52571/lassemajas-detektivbyra', 'name': 'LasseMajas Detektivbyrå', 'type': 'Scripted', 'language': 'Swedish', 'genres': ['Drama', 'Family', 'Mystery'], 'status': 'Running', 'runtime': 42, 'averageRuntime': 42, 'premiered': '2020-12-06', 'ended': None, 'officialSite': 'https://www.cmore.se/serie/208411-lassemajas-detektivbyra', 'schedule': {'time': '', 'days': ['Friday']}, 'rating': {'average': None}, 'weight': 18, 'network': None, 'webChannel': {'id': 170, 'name': 'C More', 'country': {'name': 'Sweden', 'code': 'SE', 'timezone': 'Europe/Stockholm'}, 'officialSite': None}, 'dvdCountry': None, 'externals': {'tvrage': None, 'thetvdb': 391159, 'imdb': 'tt13614746'}, 'image': {'medium': 'https://static.tvmaze.com/uploads/images/medium_portrait/290/725748.jpg', 'original': 'https://static.tvmaze.com/uploads/images/original_untouched/290/725748.jpg'}, 'summary': '<p>This family series revolves around the two friends Lasse and Maja who run a detective agency together in the small town of Valleby. They investigate all possible mysteries and contribute crucial pieces to the police chief, played by Anders Jansson.</p>', 'updated': 1621926906, '_links': {'self': {'href': 'https://api.tvmaze.com/shows/52571'}, 'previousepisode': {'href': 'https://api.tvmaze.com/episodes/1990231'}}}}"
2178561,https://www.tvmaze.com/episodes/2178561/oiiiginaler-1x02-godteriku,Godteriku,1,2.0,regular,2020-12-06,,2020-12-06T11:00:00+00:00,5.0,{'average': None},,,{'self': {'href': 'https://api.tvmaze.com/episodes/2178561'}},"{'show': {'id': 57874, 'url': 'https://www.tvmaze.com/shows/57874/oiiiginaler', 'name': ""Oiii'ginaler"", 'type': 'Scripted', 'language': 'Norwegian', 'genres': ['Children'], 'status': 'To Be Determined', 'runtime': None, 'averageRuntime': 5, 'premiered': '2020-11-29', 'ended': None, 'officialSite': 'https://play.tv2.no/oiii/oiii-serier/oiii-ginaler', 'schedule': {'time': '', 'days': []}, 'rating': {'average': None}, 'weight': 17, 'network': None, 'webChannel': {'id': 327, 'name': 'TV 2 Play', 'country': {'name': 'Norway', 'code': 'NO', 'timezone': 'Europe/Oslo'}, 'officialSite': None}, 'dvdCountry': None, 'externals': {'tvrage': None, 'thetvdb': None, 'imdb': None}, 'image': None, 'summary': '<p>There is nothing more fun than making Christmas decorations yourself, right? See how four different Christmas figures come to life with things and seaweed you find at home. Advent mouse, candy cane, Christmas fly and napkin will definitely give you a Christmas mood.</p>', 'updated': 1632448666, '_links': {'self': {'href': 'https://api.tvmaze.com/shows/57874'}, 'previousepisode': {'href': 'https://api.tvmaze.com/episodes/2178569'}}}}"
1967755,https://www.tvmaze.com/episodes/1967755/0-z-majklom-surom-5x14-potap-vs-morgenshtern-poplavskij-i-maacna-zelenskij-i-korupcia-0-z-majklom-surom-14,"Потап VS Morgenshtern, Поплавський і маячня, Зеленський і корупція: #@)₴?$0 з Майклом Щуром #14",5,14.0,regular,2020-12-06,14:00,2020-12-06T12:00:00+00:00,34.0,{'average': None},,,{'self': {'href': 'https://api.tvmaze.com/episodes/1967755'}},"{'show': {'id': 22893, 'url': 'https://www.tvmaze.com/shows/22893/0-z-majklom-surom', 'name': '#@)₴?$0 з Майклом Щуром', 'type': 'News', 'language': 'Ukrainian', 'genres': ['Comedy', 'Family'], 'status': 'Running', 'runtime': 30, 'averageRuntime': 30, 'premiered': '2016-11-06', 'ended': None, 'officialSite': 'http://1tv.com.ua/programs/maikl_shcur', 'schedule': {'time': '14:00', 'days': ['Sunday']}, 'rating': {'average': 8.2}, 'weight': 70, 'network': {'id': 1320, 'name': 'UA:Перший', 'country': {'name': 'Ukraine', 'code': 'UA', 'timezone': 'Europe/Zaporozhye'}, 'officialSite': None}, 'webChannel': {'id': 21, 'name': 'YouTube', 'country': None, 'officialSite': 'https://www.youtube.com'}, 'dvdCountry': {'name': 'Ukraine', 'code': 'UA', 'timezone': 'Europe/Zaporozhye'}, 'externals': {'tvrage': None, 'thetvdb': None, 'imdb': None}, 'image': {'medium': 'https://static.tvmaze.com/uploads/images/medium_portrait/354/887187.jpg', 'original': 'https://static.tvmaze.com/uploads/images/original_untouched/354/887187.jpg'}, 'summary': '<p>Humorous and analytical show <b>#@₴?$0 with Michael Schur</b> proves that sometimes reality is impossible to joke. But the restless Michael Rat does the impossible and continues to work with a team of analysts to find the unnoticed in the important and the important in the unnoticed. Although sometimes he finds the completely unimportant in no one needs.</p>', 'updated': 1651260063, '_links': {'self': {'href': 'https://api.tvmaze.com/shows/22893'}, 'previousepisode': {'href': 'https://api.tvmaze.com/episodes/2321174'}}}}"
2176123,https://www.tvmaze.com/episodes/2176123/scishow-2020-12-06-6-ways-animals-prevent-epidemics,6 Ways Animals Prevent Epidemics,2020,333.0,regular,2020-12-06,,2020-12-06T12:00:00+00:00,,{'average': None},,,{'self': {'href': 'https://api.tvmaze.com/episodes/2176123'}},"{'show': {'id': 30606, 'url': 'https://www.tvmaze.com/shows/30606/scishow', 'name': 'SciShow', 'type': 'Documentary', 'language': 'English', 'genres': [], 'status': 'Running', 'runtime': None, 'averageRuntime': 9, 'premiered': '2012-01-02', 'ended': None, 'officialSite': 'https://www.youtube.com/user/scishow/', 'schedule': {'time': '', 'days': []}, 'rating': {'average': None}, 'weight': 10, 'network': None, 'webChannel': {'id': 21, 'name': 'YouTube', 'country': None, 'officialSite': 'https://www.youtube.com'}, 'dvdCountry': None, 'externals': {'tvrage': None, 'thetvdb': 265193, 'imdb': None}, 'image': {'medium': 'https://static.tvmaze.com/uploads/images/medium_portrait/121/302950.jpg', 'original': 'https://static.tvmaze.com/uploads/images/original_untouched/121/302950.jpg'}, 'summary': ""<p><b>SciShow</b> explores the unexpected. Seven days a week, Hank Green, Michael Aranda, and Olivia Gordon delve into the scientific subjects that defy our expectations and make us even more curious!</p><p>Schedule:</p><p>Sundays — Learn about the amazing topics we can't quite make a stand-alone show about in SciShow List Show!</p><p>Mondays — Tune in for a short Dose about our weird world.</p><p>Tuesdays — Find answers to our most asked Quick Questions.</p><p>Wednesdays — Hank or Michael dives deep into a long-form Infusion episode, or an unscripted talk show or quiz show with a guest!</p><p>Thursday — Another new dose about the wonders of the world.</p><p>Fridays — Learn the latest in science News.</p><p>Saturdays — Get your quick questions answered!</p>"", 'updated': 1644762005, '_links': {'self': {'href': 'https://api.tvmaze.com/shows/30606'}, 'previousepisode': {'href': 'https://api.tvmaze.com/episodes/2275469'}}}}"
1975743,https://www.tvmaze.com/episodes/1975743/friheden-2x04-afsnit-4,Afsnit 4,2,4.0,regular,2020-12-06,,2020-12-06T12:00:00+00:00,45.0,{'average': None},"{'medium': 'https://static.tvmaze.com/uploads/images/medium_landscape/287/717618.jpg', 'original': 'https://static.tvmaze.com/uploads/images/original_untouched/287/717618.jpg'}",,{'self': {'href': 'https://api.tvmaze.com/episodes/1975743'}},"{'show': {'id': 39314, 'url': 'https://www.tvmaze.com/shows/39314/friheden', 'name': 'Friheden', 'type': 'Scripted', 'language': 'Danish', 'genres': ['Drama', 'Comedy', 'Crime'], 'status': 'Running', 'runtime': 45, 'averageRuntime': 45, 'premiered': '2018-10-24', 'ended': None, 'officialSite': 'https://viaplay.dk/serier/friheden', 'schedule': {'time': '', 'days': ['Sunday']}, 'rating': {'average': None}, 'weight': 73, 'network': None, 'webChannel': {'id': 103, 'name': 'Viaplay', 'country': None, 'officialSite': 'https://viaplay.com'}, 'dvdCountry': None, 'externals': {'tvrage': None, 'thetvdb': 354458, 'imdb': 'tt7694874'}, 'image': {'medium': 'https://static.tvmaze.com/uploads/images/medium_portrait/297/743292.jpg', 'original': 'https://static.tvmaze.com/uploads/images/original_untouched/297/743292.jpg'}, 'summary': '<p>Some 20 years ago, Nina and Erik were brilliant con-artists. Now, they live a peaceful family life in the suburbs of Copenhagen, although their marriage is somewhat lackluster, and they have trouble making ends meet. One day, their partner in crime from the old days, Jacqueline, reappears with a new idea for a scam with plenty of money to be made!</p>', 'updated': 1621567285, '_links': {'self': {'href': 'https://api.tvmaze.com/shows/39314'}, 'previousepisode': {'href': 'https://api.tvmaze.com/episodes/1975748'}}}}"
2111704,https://www.tvmaze.com/episodes/2111704/world-wonder-ring-stardom-2020-12-06-stardom-in-toyama,Stardom in Toyama,2020,50.0,regular,2020-12-06,,2020-12-06T12:00:00+00:00,120.0,{'average': None},,,{'self': {'href': 'https://api.tvmaze.com/episodes/2111704'}},"{'show': {'id': 42383, 'url': 'https://www.tvmaze.com/shows/42383/world-wonder-ring-stardom', 'name': 'World Wonder Ring STARDOM', 'type': 'Sports', 'language': 'English', 'genres': [], 'status': 'Running', 'runtime': 120, 'averageRuntime': 120, 'premiered': '2016-12-22', 'ended': None, 'officialSite': None, 'schedule': {'time': '', 'days': []}, 'rating': {'average': None}, 'weight': 10, 'network': None, 'webChannel': {'id': 321, 'name': 'StardomWorld', 'country': None, 'officialSite': None}, 'dvdCountry': None, 'externals': {'tvrage': None, 'thetvdb': None, 'imdb': None}, 'image': {'medium': 'https://static.tvmaze.com/uploads/images/medium_portrait/213/533674.jpg', 'original': 'https://static.tvmaze.com/uploads/images/original_untouched/213/533674.jpg'}, 'summary': ""<p><b>World Wonder Ring Stardom</b>, legal name Kabushiki Gaisha Stardom (株式会社スターダム Kabushiki Gaisha Sutādamu) and often referred to simply as Stardom (stylized as STARD✪M),[2] is a Japanese joshi puroresu or women's professional wrestling promotion, founded in September 2010 by former Hyper Visual Fighting Arsion and JDStar promoter Rossy Ogawa, retired wrestler, model and mixed martial artist Fuka Kakimoto and veteran professional wrestler Nanae Takahashi. Stardom quickly became one of the top joshi puroresu promotions, largely thanks to gravure idol Yuzuki Aikawa becoming the promotion's public face.</p>"", 'updated': 1651417027, '_links': {'self': {'href': 'https://api.tvmaze.com/shows/42383'}, 'previousepisode': {'href': 'https://api.tvmaze.com/episodes/2319069'}, 'nextepisode': {'href': 'https://api.tvmaze.com/episodes/2319070'}}}}"
1980926,https://www.tvmaze.com/episodes/1980926/redakcia-s03-special-redakcia-news-million-bednyh-mer-bez-sapki-konec-musoroprovodov,"Редакция. News: миллион бедных, мэр без шапки, конец мусоропроводов",3,,insignificant_special,2020-12-06,,2020-12-06T12:00:00+00:00,23.0,{'average': None},,,{'self': {'href': 'https://api.tvmaze.com/episodes/1980926'}},"{'show': {'id': 42899, 'url': 'https://www.tvmaze.com/shows/42899/redakcia', 'name': 'Редакция', 'type': 'Talk Show', 'language': 'Russian', 'genres': [], 'status': 'Running', 'runtime': 40, 'averageRuntime': 57, 'premiered': '2019-03-17', 'ended': None, 'officialSite': 'https://www.youtube.com/channel/UC1eFXmJNkjITxPFWTy6RsWg', 'schedule': {'time': '', 'days': ['Thursday']}, 'rating': {'average': None}, 'weight': 70, 'network': None, 'webChannel': {'id': 21, 'name': 'YouTube', 'country': None, 'officialSite': 'https://www.youtube.com'}, 'dvdCountry': None, 'externals': {'tvrage': None, 'thetvdb': None, 'imdb': None}, 'image': {'medium': 'https://static.tvmaze.com/uploads/images/medium_portrait/204/511597.jpg', 'original': 'https://static.tvmaze.com/uploads/images/original_untouched/204/511597.jpg'}, 'summary': ""<p>The author's journalistic program of Alexey Pivovarov, where he asks questions and interviews guests, makes reports on actual themes, as well as on entertaining topics.</p>"", 'updated': 1651749165, '_links': {'self': {'href': 'https://api.tvmaze.com/shows/42899'}, 'previousepisode': {'href': 'https://api.tvmaze.com/episodes/2323750'}}}}"
1964446,https://www.tvmaze.com/episodes/1964446/bani-negri-pentru-zile-albe-1x03-socoteala,Socoteala,1,3.0,regular,2020-12-06,,2020-12-06T12:00:00+00:00,60.0,{'average': None},"{'medium': 'https://static.tvmaze.com/uploads/images/medium_landscape/310/776219.jpg', 'original': 'https://static.tvmaze.com/uploads/images/original_untouched/310/776219.jpg'}",,{'self': {'href': 'https://api.tvmaze.com/episodes/1964446'}},"{'show': {'id': 43141, 'url': 'https://www.tvmaze.com/shows/43141/bani-negri-pentru-zile-albe', 'name': 'Bani negri (pentru zile albe)', 'type': 'Scripted', 'language': 'Romanian', 'genres': ['Comedy'], 'status': 'To Be Determined', 'runtime': 60, 'averageRuntime': 60, 'premiered': '2020-11-22', 'ended': None, 'officialSite': 'https://hbogo.ro/seriale/bani-negri-pentru-zile-albe', 'schedule': {'time': '', 'days': ['Sunday']}, 'rating': {'average': None}, 'weight': 44, 'network': None, 'webChannel': {'id': 22, 'name': 'HBO Go', 'country': None, 'officialSite': None}, 'dvdCountry': None, 'externals': {'tvrage': None, 'thetvdb': 390586, 'imdb': 'tt10701038'}, 'image': {'medium': 'https://static.tvmaze.com/uploads/images/medium_portrait/284/711084.jpg', 'original': 'https://static.tvmaze.com/uploads/images/original_untouched/284/711084.jpg'}, 'summary': '<p>Features two lovable losers joking about committing the ""perfect crime."" The series revolves around the events that unfold when the joke backfires and the pair is forced to actually commit the robbery, for which they are totally unprepared.</p>', 'updated': 1649176744, '_links': {'self': {'href': 'https://api.tvmaze.com/shows/43141'}, 'previousepisode': {'href': 'https://api.tvmaze.com/episodes/1970678'}}}}"
1980932,https://www.tvmaze.com/episodes/1980932/cuzie-pisma-1x20-kak-sdelat-kaming-aut-stavki-zlo-pocemu-on-ohladel,"""Как сделать каминг-аут?"", ""Ставки - зло!"", ""Почему он охладел?""",1,20.0,regular,2020-12-06,,2020-12-06T12:00:00+00:00,63.0,{'average': None},"{'medium': 'https://static.tvmaze.com/uploads/images/medium_landscape/287/717640.jpg', 'original': 'https://static.tvmaze.com/uploads/images/original_untouched/287/717640.jpg'}",,{'self': {'href': 'https://api.tvmaze.com/episodes/1980932'}},"{'show': {'id': 49139, 'url': 'https://www.tvmaze.com/shows/49139/cuzie-pisma', 'name': 'Чужие письма', 'type': 'Talk Show', 'language': 'Russian', 'genres': [], 'status': 'Running', 'runtime': 50, 'averageRuntime': 59, 'premiered': '2020-04-21', 'ended': None, 'officialSite': 'https://www.youtube.com/channel/UC4g4YABfz_vEwmZLjtF2Zjw', 'schedule': {'time': '', 'days': []}, 'rating': {'average': None}, 'weight': 2, 'network': None, 'webChannel': {'id': 21, 'name': 'YouTube', 'country': None, 'officialSite': 'https://www.youtube.com'}, 'dvdCountry': None, 'externals': {'tvrage': None, 'thetvdb': None, 'imdb': None}, 'image': {'medium': 'https://static.tvmaze.com/uploads/images/medium_portrait/268/671692.jpg', 'original': 'https://static.tvmaze.com/uploads/images/original_untouched/268/671692.jpg'}, 'summary': None, 'updated': 1649572594, '_links': {'self': {'href': 'https://api.tvmaze.com/shows/49139'}, 'previousepisode': {'href': 'https://api.tvmaze.com/episodes/2310251'}}}}"
1970253,https://www.tvmaze.com/episodes/1970253/amore-1x49-truth-will-prevail-12,Truth Will Prevail (1/2),1,49.0,regular,2020-12-06,,2020-12-06T12:00:00+00:00,30.0,{'average': None},,,{'self': {'href': 'https://api.tvmaze.com/episodes/1970253'}},"{'show': {'id': 51476, 'url': 'https://www.tvmaze.com/shows/51476/amore', 'name': 'Amore', 'type': 'Scripted', 'language': 'Tagalog', 'genres': ['Comedy', 'Romance'], 'status': 'Ended', 'runtime': 30, 'averageRuntime': 29, 'premiered': '2020-08-07', 'ended': '2021-03-13', 'officialSite': 'https://www.youtube.com/playlist?list=PLoMgumH1LP5HYByX58EHLfWBt1BwGkdD-', 'schedule': {'time': '', 'days': []}, 'rating': {'average': None}, 'weight': 23, 'network': None, 'webChannel': {'id': 21, 'name': 'YouTube', 'country': None, 'officialSite': 'https://www.youtube.com'}, 'dvdCountry': None, 'externals': {'tvrage': None, 'thetvdb': 385931, 'imdb': 'tt12900966'}, 'image': {'medium': 'https://static.tvmaze.com/uploads/images/medium_portrait/288/720798.jpg', 'original': 'https://static.tvmaze.com/uploads/images/original_untouched/288/720798.jpg'}, 'summary': '<p>Two college dorm mates (Joey and Jimmy) tried to hide a baby inside the boys dormitory. While studying, they both decided to secretly take care of the baby, but also became secretly in love with each other. When they got caught about their secret, the question of ""Who is the real father?"" spread to the entire school rapidly, and the revelation changed their lives and the people around them.</p>', 'updated': 1617986735, '_links': {'self': {'href': 'https://api.tvmaze.com/shows/51476'}, 'previousepisode': {'href': 'https://api.tvmaze.com/episodes/2046082'}}}}"
1978261,https://www.tvmaze.com/episodes/1978261/ultra-galaxy-fight-the-absolute-conspiracy-1x03-part-3,Part 3,1,3.0,regular,2020-12-06,,2020-12-06T12:00:00+00:00,14.0,{'average': None},,,{'self': {'href': 'https://api.tvmaze.com/episodes/1978261'}},"{'show': {'id': 52148, 'url': 'https://www.tvmaze.com/shows/52148/ultra-galaxy-fight-the-absolute-conspiracy', 'name': 'Ultra Galaxy Fight: The Absolute Conspiracy', 'type': 'Scripted', 'language': 'Japanese', 'genres': ['Action', 'Science-Fiction'], 'status': 'Ended', 'runtime': 12, 'averageRuntime': 12, 'premiered': '2020-11-22', 'ended': '2021-01-31', 'officialSite': 'http://m-78.jp/galaxy-fight/tac/', 'schedule': {'time': '', 'days': ['Saturday']}, 'rating': {'average': None}, 'weight': 15, 'network': None, 'webChannel': {'id': 21, 'name': 'YouTube', 'country': None, 'officialSite': 'https://www.youtube.com'}, 'dvdCountry': None, 'externals': {'tvrage': None, 'thetvdb': None, 'imdb': 'tt13339430'}, 'image': {'medium': 'https://static.tvmaze.com/uploads/images/medium_portrait/285/714414.jpg', 'original': 'https://static.tvmaze.com/uploads/images/original_untouched/285/714414.jpg'}, 'summary': ""<p>The eagerly awaited new entry to the Ultra Galaxy Fight series will be released on YouTube! With ten episodes adding up to about ninety minutes in total, Ultra Galaxy Fight: The Absolute Conspiracy will be packed with profound drama and exciting action!</p><p>Mysterious aliens and evil monsters that shouldn't exist are attacking!<br />Zero, Ribut, Taiga, Z (Zett), 80, Max, Mebius, Great, Powered, Grigio, and many more Ultra Heroes fight together to solve this mysterious case, which could end up affecting the whole universe. However, this is only the beginning! A conspiracy is underway – and stories are intersecting. What is the aim of the golden giant working in the shadows?!</p><p>While connecting to the TV series Ultraman Z as well, a new history of Ultraman begins!</p>"", 'updated': 1612060922, '_links': {'self': {'href': 'https://api.tvmaze.com/shows/52148'}, 'previousepisode': {'href': 'https://api.tvmaze.com/episodes/1986081'}}}}"
1982625,https://www.tvmaze.com/episodes/1982625/pappas-pojkar-1x01-obekvam-striptease-och-en-skrikande-bebis,Obekväm striptease (och en skrikande bebis),1,1.0,regular,2020-12-06,,2020-12-06T12:00:00+00:00,22.0,{'average': None},,,{'self': {'href': 'https://api.tvmaze.com/episodes/1982625'}},"{'show': {'id': 52303, 'url': 'https://www.tvmaze.com/shows/52303/pappas-pojkar', 'name': 'Pappas pojkar', 'type': 'Scripted', 'language': 'Swedish', 'genres': ['Comedy'], 'status': 'Running', 'runtime': 22, 'averageRuntime': 22, 'premiered': '2020-12-06', 'ended': None, 'officialSite': 'https://www.discoveryplus.se/program/pappas-pojkar', 'schedule': {'time': '', 'days': ['Sunday']}, 'rating': {'average': None}, 'weight': 27, 'network': None, 'webChannel': {'id': 173, 'name': 'discovery+', 'country': None, 'officialSite': 'https://www.discoveryplus.com/'}, 'dvdCountry': None, 'externals': {'tvrage': None, 'thetvdb': 391976, 'imdb': 'tt13010912'}, 'image': {'medium': 'https://static.tvmaze.com/uploads/images/medium_portrait/287/718562.jpg', 'original': 'https://static.tvmaze.com/uploads/images/original_untouched/287/718562.jpg'}, 'summary': ""<p>Once they were the coolest guys in school. Ten years later, they are still partying as if they were carefree teenagers. Now it's high time for daddy's boys to grow up.</p>"", 'updated': 1626429264, '_links': {'self': {'href': 'https://api.tvmaze.com/shows/52303'}, 'previousepisode': {'href': 'https://api.tvmaze.com/episodes/2046399'}}}}"
1982626,https://www.tvmaze.com/episodes/1982626/pappas-pojkar-1x02-dagsfylla-men-var-ar-festen,Dagsfylla!! Men var är festen?,1,2.0,regular,2020-12-06,,2020-12-06T12:00:00+00:00,22.0,{'average': None},,,{'self': {'href': 'https://api.tvmaze.com/episodes/1982626'}},"{'show': {'id': 52303, 'url': 'https://www.tvmaze.com/shows/52303/pappas-pojkar', 'name': 'Pappas pojkar', 'type': 'Scripted', 'language': 'Swedish', 'genres': ['Comedy'], 'status': 'Running', 'runtime': 22, 'averageRuntime': 22, 'premiered': '2020-12-06', 'ended': None, 'officialSite': 'https://www.discoveryplus.se/program/pappas-pojkar', 'schedule': {'time': '', 'days': ['Sunday']}, 'rating': {'average': None}, 'weight': 27, 'network': None, 'webChannel': {'id': 173, 'name': 'discovery+', 'country': None, 'officialSite': 'https://www.discoveryplus.com/'}, 'dvdCountry': None, 'externals': {'tvrage': None, 'thetvdb': 391976, 'imdb': 'tt13010912'}, 'image': {'medium': 'https://static.tvmaze.com/uploads/images/medium_portrait/287/718562.jpg', 'original': 'https://static.tvmaze.com/uploads/images/original_untouched/287/718562.jpg'}, 'summary': ""<p>Once they were the coolest guys in school. Ten years later, they are still partying as if they were carefree teenagers. Now it's high time for daddy's boys to grow up.</p>"", 'updated': 1626429264, '_links': {'self': {'href': 'https://api.tvmaze.com/shows/52303'}, 'previousepisode': {'href': 'https://api.tvmaze.com/episodes/2046399'}}}}"
1982627,https://www.tvmaze.com/episodes/1982627/pappas-pojkar-1x03-herman-forsoker-bli-bedragare,Herman försöker bli bedragare,1,3.0,regular,2020-12-06,,2020-12-06T12:00:00+00:00,22.0,{'average': None},,,{'self': {'href': 'https://api.tvmaze.com/episodes/1982627'}},"{'show': {'id': 52303, 'url': 'https://www.tvmaze.com/shows/52303/pappas-pojkar', 'name': 'Pappas pojkar', 'type': 'Scripted', 'language': 'Swedish', 'genres': ['Comedy'], 'status': 'Running', 'runtime': 22, 'averageRuntime': 22, 'premiered': '2020-12-06', 'ended': None, 'officialSite': 'https://www.discoveryplus.se/program/pappas-pojkar', 'schedule': {'time': '', 'days': ['Sunday']}, 'rating': {'average': None}, 'weight': 27, 'network': None, 'webChannel': {'id': 173, 'name': 'discovery+', 'country': None, 'officialSite': 'https://www.discoveryplus.com/'}, 'dvdCountry': None, 'externals': {'tvrage': None, 'thetvdb': 391976, 'imdb': 'tt13010912'}, 'image': {'medium': 'https://static.tvmaze.com/uploads/images/medium_portrait/287/718562.jpg', 'original': 'https://static.tvmaze.com/uploads/images/original_untouched/287/718562.jpg'}, 'summary': ""<p>Once they were the coolest guys in school. Ten years later, they are still partying as if they were carefree teenagers. Now it's high time for daddy's boys to grow up.</p>"", 'updated': 1626429264, '_links': {'self': {'href': 'https://api.tvmaze.com/shows/52303'}, 'previousepisode': {'href': 'https://api.tvmaze.com/episodes/2046399'}}}}"
1997298,https://www.tvmaze.com/episodes/1997298/the-george-lucas-talk-show-1x18-episode-xviii-decembyrinth,Episode XVIII: DECEMBYRINTH,1,18.0,regular,2020-12-06,,2020-12-06T12:00:00+00:00,,{'average': None},"{'medium': 'https://static.tvmaze.com/uploads/images/medium_landscape/292/730200.jpg', 'original': 'https://static.tvmaze.com/uploads/images/original_untouched/292/730200.jpg'}","<p>As the death toll rises, THE GEORGE LUCAS TALK SHOW continues to deliver quality livestream content from the digital safety of PLANET SCUM. Retired filmmaker GEORGE LUCAS (notoriously dead-eyed character actor CONNOR RATLIFF) and his CGI co-host WATTO (GRIFFIN NEWMAN, co-lead on Amazon's THE TICK) welcome guests and have fun while actively NOT spreading a disease. They are joined, as always, by snack-snacking, nap-napping producer PATRICK COTNOIR (aka Nickname Jokenoir) whose druthers include you following him on twitter RIGHT NOW: @patrickcotnoir Only a few weeks left in 2020. Who knows what fresh hell awaits us in 2021? Dot dot dot dot..</p>",{'self': {'href': 'https://api.tvmaze.com/episodes/1997298'}},"{'show': {'id': 52737, 'url': 'https://www.tvmaze.com/shows/52737/the-george-lucas-talk-show', 'name': 'The George Lucas Talk Show', 'type': 'Talk Show', 'language': 'English', 'genres': ['Comedy'], 'status': 'Running', 'runtime': None, 'averageRuntime': 120, 'premiered': '2020-05-04', 'ended': None, 'officialSite': 'https://www.patrickcotnoir.com/glts', 'schedule': {'time': '', 'days': ['Sunday']}, 'rating': {'average': None}, 'weight': 3, 'network': None, 'webChannel': {'id': 443, 'name': 'Planetscum', 'country': None, 'officialSite': None}, 'dvdCountry': None, 'externals': {'tvrage': None, 'thetvdb': 393697, 'imdb': 'tt12661310'}, 'image': {'medium': 'https://static.tvmaze.com/uploads/images/medium_portrait/291/729040.jpg', 'original': 'https://static.tvmaze.com/uploads/images/original_untouched/291/729040.jpg'}, 'summary': '<p><b>The George Lucas Talk Show</b>, a long-running cult talk show hosted by Connor Ratliff, as George Lucas, his sidekick Watto (Griffin Newman), and his producer Patrick Cotnoir. They interview guests in a panel format weekly on PlanetScum.</p>', 'updated': 1618243582, '_links': {'self': {'href': 'https://api.tvmaze.com/shows/52737'}, 'previousepisode': {'href': 'https://api.tvmaze.com/episodes/2056414'}}}}"
2005320,https://www.tvmaze.com/episodes/2005320/laikykites-ten-5x13-gra-zu-lis-ir-megstamiausios-lietuviu-covid-19-melagienos,GRA-ŽU-LIS ir mėgstamiausios lietuvių Covid-19 melagienos,5,13.0,regular,2020-12-06,,2020-12-06T12:00:00+00:00,45.0,{'average': None},,,{'self': {'href': 'https://api.tvmaze.com/episodes/2005320'}},"{'show': {'id': 52858, 'url': 'https://www.tvmaze.com/shows/52858/laikykites-ten', 'name': 'Laikykitės Ten', 'type': 'Talk Show', 'language': 'Lithuanian', 'genres': [], 'status': 'Running', 'runtime': 45, 'averageRuntime': 45, 'premiered': '2016-09-11', 'ended': None, 'officialSite': 'http://www.laisves.tv', 'schedule': {'time': '', 'days': ['Sunday']}, 'rating': {'average': None}, 'weight': 3, 'network': None, 'webChannel': {'id': 21, 'name': 'YouTube', 'country': None, 'officialSite': 'https://www.youtube.com'}, 'dvdCountry': None, 'externals': {'tvrage': None, 'thetvdb': 338631, 'imdb': 'tt6094268'}, 'image': None, 'summary': '<p>A show of intellectual satire. The show discusses national and foreign issues in a witty and biting way, and once a month - a topic prepared in detail by the screenwriters. Since the beginning of the fifth season, three hosts have shared the main wheel: Andrius Tapinas, Ignas Grinevičius, and Irma Bogdanovičiūtė.</p>', 'updated': 1649774689, '_links': {'self': {'href': 'https://api.tvmaze.com/shows/52858'}, 'previousepisode': {'href': 'https://api.tvmaze.com/episodes/2304168'}}}}"
2024909,https://www.tvmaze.com/episodes/2024909/el-anesa-farah-2x16-episode-16,Episode 16,2,16.0,regular,2020-12-06,,2020-12-06T12:00:00+00:00,40.0,{'average': None},,,{'self': {'href': 'https://api.tvmaze.com/episodes/2024909'}},"{'show': {'id': 53338, 'url': 'https://www.tvmaze.com/shows/53338/el-anesa-farah', 'name': 'El Anesa Farah', 'type': 'Scripted', 'language': 'Arabic', 'genres': ['Drama', 'Comedy'], 'status': 'Ended', 'runtime': 40, 'averageRuntime': 40, 'premiered': '2019-12-29', 'ended': '2021-11-28', 'officialSite': 'https://shahid.mbc.net/en/series/Al-Anisa-Farah/series-393634', 'schedule': {'time': '', 'days': ['Monday', 'Tuesday', 'Wednesday', 'Thursday', 'Sunday']}, 'rating': {'average': None}, 'weight': 8, 'network': None, 'webChannel': {'id': 379, 'name': 'Shahid', 'country': None, 'officialSite': None}, 'dvdCountry': None, 'externals': {'tvrage': None, 'thetvdb': 374464, 'imdb': 'tt12485636'}, 'image': {'medium': 'https://static.tvmaze.com/uploads/images/medium_portrait/295/739175.jpg', 'original': 'https://static.tvmaze.com/uploads/images/original_untouched/295/739175.jpg'}, 'summary': ""<p>Farah and Shadi are left to deal with the consequences of their son's kidnapping. Between war and peace, Majed and Dalal rediscover their relationship.</p>"", 'updated': 1645039616, '_links': {'self': {'href': 'https://api.tvmaze.com/shows/53338'}, 'previousepisode': {'href': 'https://api.tvmaze.com/episodes/2277420'}}}}"
2041414,https://www.tvmaze.com/episodes/2041414/ghost-dimension-lock-down-1x10-chillingham-castle,Chillingham Castle,1,10.0,regular,2020-12-06,,2020-12-06T12:00:00+00:00,44.0,{'average': None},,"<p>Ghost Dimension's Bex and Sean investigate Chillingham Castle for a Halloween investigation. The most haunted castle in the world. Reports of paranormal activity are daily here, so what will the team manage to capture tonight? as they prepare to spend the night with the ghosts.</p>",{'self': {'href': 'https://api.tvmaze.com/episodes/2041414'}},"{'show': {'id': 53890, 'url': 'https://www.tvmaze.com/shows/53890/ghost-dimension-lock-down', 'name': 'Ghost Dimension Lock Down', 'type': 'Documentary', 'language': 'English', 'genres': ['Horror'], 'status': 'To Be Determined', 'runtime': None, 'averageRuntime': 38, 'premiered': '2020-06-08', 'ended': None, 'officialSite': 'https://www.amazon.co.uk/Ghost-Dimension-Lock-Down/dp/B08NVYQ73R', 'schedule': {'time': '', 'days': ['Sunday']}, 'rating': {'average': None}, 'weight': 43, 'network': None, 'webChannel': {'id': 3, 'name': 'Prime Video', 'country': None, 'officialSite': 'https://www.primevideo.com'}, 'dvdCountry': None, 'externals': {'tvrage': None, 'thetvdb': 397721, 'imdb': 'tt13896328'}, 'image': {'medium': 'https://static.tvmaze.com/uploads/images/medium_portrait/298/746697.jpg', 'original': 'https://static.tvmaze.com/uploads/images/original_untouched/298/746697.jpg'}, 'summary': ""<p><b>Ghost Dimension Lock Down</b> paranormal investigators take on the UK's most haunting buildings, searching for paranormal activity. \xa0While the world is on lockdown, it appears that the ghosts are not.\xa0</p>"", 'updated': 1614854371, '_links': {'self': {'href': 'https://api.tvmaze.com/shows/53890'}, 'previousepisode': {'href': 'https://api.tvmaze.com/episodes/2041414'}}}}"
2072226,https://www.tvmaze.com/episodes/2072226/top-dog-fighting-championship-5x07-maks-vdv-vs-dzango,Макс ВДВ vs. Джанго,5,7.0,regular,2020-12-06,,2020-12-06T12:00:00+00:00,10.0,{'average': None},,,{'self': {'href': 'https://api.tvmaze.com/episodes/2072226'}},"{'show': {'id': 54789, 'url': 'https://www.tvmaze.com/shows/54789/top-dog-fighting-championship', 'name': 'Top Dog Fighting Championship', 'type': 'Sports', 'language': 'Russian', 'genres': ['Sports'], 'status': 'Running', 'runtime': 20, 'averageRuntime': 30, 'premiered': '2020-01-11', 'ended': None, 'officialSite': 'https://youtube.com/c/TopDogFC/featured', 'schedule': {'time': '', 'days': ['Monday', 'Tuesday', 'Wednesday', 'Thursday', 'Friday', 'Saturday', 'Sunday']}, 'rating': {'average': None}, 'weight': 53, 'network': None, 'webChannel': {'id': 21, 'name': 'YouTube', 'country': None, 'officialSite': 'https://www.youtube.com'}, 'dvdCountry': None, 'externals': {'tvrage': None, 'thetvdb': None, 'imdb': None}, 'image': {'medium': 'https://static.tvmaze.com/uploads/images/medium_portrait/308/771760.jpg', 'original': 'https://static.tvmaze.com/uploads/images/original_untouched/308/771760.jpg'}, 'summary': None, 'updated': 1648290263, '_links': {'self': {'href': 'https://api.tvmaze.com/shows/54789'}, 'previousepisode': {'href': 'https://api.tvmaze.com/episodes/2296815'}}}}"
2116831,https://www.tvmaze.com/episodes/2116831/journey-across-japan-2x06-what-1000-buys-you-in-japans-no1-dollar-store,"What ¥1,000 Buys You in Japan's No.1 Dollar Store",2,6.0,regular,2020-12-06,,2020-12-06T12:00:00+00:00,,{'average': None},,,{'self': {'href': 'https://api.tvmaze.com/episodes/2116831'}},"{'show': {'id': 55986, 'url': 'https://www.tvmaze.com/shows/55986/journey-across-japan', 'name': 'Journey Across Japan', 'type': 'Documentary', 'language': 'English', 'genres': [], 'status': 'Running', 'runtime': None, 'averageRuntime': None, 'premiered': '2018-10-11', 'ended': None, 'officialSite': 'https://www.youtube.com/channel/UCHL9bfHTxCMi-7vfxQ-AYtg', 'schedule': {'time': '', 'days': []}, 'rating': {'average': None}, 'weight': 25, 'network': None, 'webChannel': {'id': 21, 'name': 'YouTube', 'country': None, 'officialSite': 'https://www.youtube.com'}, 'dvdCountry': None, 'externals': {'tvrage': None, 'thetvdb': 362235, 'imdb': None}, 'image': {'medium': 'https://static.tvmaze.com/uploads/images/medium_portrait/331/828446.jpg', 'original': 'https://static.tvmaze.com/uploads/images/original_untouched/331/828446.jpg'}, 'summary': None, 'updated': 1624361752, '_links': {'self': {'href': 'https://api.tvmaze.com/shows/55986'}, 'previousepisode': {'href': 'https://api.tvmaze.com/episodes/2117968'}}}}"
2195599,https://www.tvmaze.com/episodes/2195599/into-the-mother-lands-1x10-feelings-are-hard-to-navigate-especially-in-space,"Feelings are Hard to Navigate, Especially in Space",1,10.0,regular,2020-12-06,,2020-12-06T12:00:00+00:00,188.0,{'average': None},,"<p>The crew escaped, barely to the Wistful Wish, while their squiggly pursuers decide to fight instead of flee, and well…see how it worked out for them. Incidents on board also let us see snippets of Ilay &amp; Cycla-919's pasts.</p>",{'self': {'href': 'https://api.tvmaze.com/episodes/2195599'}},"{'show': {'id': 58356, 'url': 'https://www.tvmaze.com/shows/58356/into-the-mother-lands', 'name': 'Into the Mother Lands', 'type': 'Game Show', 'language': 'English', 'genres': [], 'status': 'Running', 'runtime': 180, 'averageRuntime': 188, 'premiered': '2020-10-04', 'ended': None, 'officialSite': 'https://motherlandsrpg.com', 'schedule': {'time': '', 'days': ['Sunday']}, 'rating': {'average': None}, 'weight': 6, 'network': None, 'webChannel': {'id': 304, 'name': 'twitch', 'country': None, 'officialSite': None}, 'dvdCountry': None, 'externals': {'tvrage': None, 'thetvdb': None, 'imdb': 'tt13210470'}, 'image': None, 'summary': '<p>Our crew is recruited by T.O.R.C.H for what seems like a simple mission of delivering water to a far off planet. They get way more than they bargained for along the way, and maybe learn more about themselves during their adventures. Storyteller Eugenio Vargas leads cast members Krystina Arielle, DeejayKnight, Tanya DePass and Michael Sinclair II on a 12 session run around their galaxy and their home planet.</p>', 'updated': 1634449698, '_links': {'self': {'href': 'https://api.tvmaze.com/shows/58356'}, 'previousepisode': {'href': 'https://api.tvmaze.com/episodes/2195602'}}}}"
2255983,https://www.tvmaze.com/episodes/2255983/awesomeness-tvs-next-influencer-1x03-tiktok-creator-mansion-turns-against-me,TikTok Creator Mansion Turns Against Me,1,3.0,regular,2020-12-06,,2020-12-06T12:00:00+00:00,21.0,{'average': None},"{'medium': 'https://static.tvmaze.com/uploads/images/medium_landscape/389/973508.jpg', 'original': 'https://static.tvmaze.com/uploads/images/original_untouched/389/973508.jpg'}","<p>Truths come out and accusations fly when members of the TikTok creator mansion turn against one of their own, proving it's every person for themselves.</p>",{'self': {'href': 'https://api.tvmaze.com/episodes/2255983'}},"{'show': {'id': 59951, 'url': 'https://www.tvmaze.com/shows/59951/awesomeness-tvs-next-influencer', 'name': ""Awesomeness TV's Next Influencer"", 'type': 'Reality', 'language': 'English', 'genres': [], 'status': 'To Be Determined', 'runtime': None, 'averageRuntime': 32, 'premiered': '2020-11-22', 'ended': None, 'officialSite': 'https://www.paramountplus.com/shows/awesomeness-tvs-next-influencer/', 'schedule': {'time': '', 'days': ['Thursday']}, 'rating': {'average': None}, 'weight': 24, 'network': None, 'webChannel': {'id': 107, 'name': 'Paramount+', 'country': None, 'officialSite': 'https://www.paramountplus.com/'}, 'dvdCountry': None, 'externals': {'tvrage': None, 'thetvdb': None, 'imdb': None}, 'image': {'medium': 'https://static.tvmaze.com/uploads/images/medium_portrait/389/973148.jpg', 'original': 'https://static.tvmaze.com/uploads/images/original_untouched/389/973148.jpg'}, 'summary': ""<p><b>AwesomenessTV's Next Influencer</b> follows a group of content creators competing in a series of challenges to prove they have what it takes to become the next big influencer.</p>"", 'updated': 1647072955, '_links': {'self': {'href': 'https://api.tvmaze.com/shows/59951'}, 'previousepisode': {'href': 'https://api.tvmaze.com/episodes/2255955'}}}}"
2318098,https://www.tvmaze.com/episodes/2318098/bride-of-beirut-2x42-episode-42,Episode 42,2,42.0,regular,2020-12-06,,2020-12-06T12:00:00+00:00,45.0,{'average': None},,,{'self': {'href': 'https://api.tvmaze.com/episodes/2318098'}},"{'show': {'id': 61755, 'url': 'https://www.tvmaze.com/shows/61755/bride-of-beirut', 'name': 'Bride of Beirut', 'type': 'Scripted', 'language': 'Arabic', 'genres': ['Drama', 'Romance'], 'status': 'Running', 'runtime': 45, 'averageRuntime': None, 'premiered': '2019-09-01', 'ended': None, 'officialSite': 'https://shahid.mbc.net/en/series/Arous%20Beirut-season-1/season-376514-376515', 'schedule': {'time': '', 'days': ['Monday', 'Tuesday', 'Wednesday', 'Thursday', 'Sunday']}, 'rating': {'average': None}, 'weight': 6, 'network': None, 'webChannel': {'id': 379, 'name': 'Shahid', 'country': None, 'officialSite': None}, 'dvdCountry': None, 'externals': {'tvrage': None, 'thetvdb': 369798, 'imdb': 'tt12457946'}, 'image': {'medium': 'https://static.tvmaze.com/uploads/images/medium_portrait/406/1015108.jpg', 'original': 'https://static.tvmaze.com/uploads/images/original_untouched/406/1015108.jpg'}, 'summary': '<p>Living with her aunt, kind-hearted Thourayya leads a simple life, but her world is upended when she crosses paths with the handsome and ambitious Fares.</p>', 'updated': 1650908800, '_links': {'self': {'href': 'https://api.tvmaze.com/shows/61755'}, 'previousepisode': {'href': 'https://api.tvmaze.com/episodes/2318192'}}}}"
1990373,https://www.tvmaze.com/episodes/1990373/fantastico-48x49-edition-of-12062020,Edition of 12/06/2020,48,49.0,regular,2020-12-06,,2020-12-06T14:00:00+00:00,,{'average': None},,,{'self': {'href': 'https://api.tvmaze.com/episodes/1990373'}},"{'show': {'id': 36907, 'url': 'https://www.tvmaze.com/shows/36907/fantastico', 'name': 'Fantástico', 'type': 'News', 'language': 'Portuguese', 'genres': [], 'status': 'Running', 'runtime': None, 'averageRuntime': None, 'premiered': '1973-08-05', 'ended': None, 'officialSite': 'http://g1.globo.com/fantastico/', 'schedule': {'time': '', 'days': ['Sunday']}, 'rating': {'average': None}, 'weight': 12, 'network': {'id': 374, 'name': 'TV Globo', 'country': {'name': 'Brazil', 'code': 'BR', 'timezone': 'America/Noronha'}, 'officialSite': None}, 'webChannel': {'id': 131, 'name': 'Globoplay', 'country': {'name': 'Brazil', 'code': 'BR', 'timezone': 'America/Noronha'}, 'officialSite': None}, 'dvdCountry': None, 'externals': {'tvrage': None, 'thetvdb': 277691, 'imdb': 'tt0381753'}, 'image': {'medium': 'https://static.tvmaze.com/uploads/images/medium_portrait/156/392001.jpg', 'original': 'https://static.tvmaze.com/uploads/images/original_untouched/156/392001.jpg'}, 'summary': None, 'updated': 1625402952, '_links': {'self': {'href': 'https://api.tvmaze.com/shows/36907'}, 'previousepisode': {'href': 'https://api.tvmaze.com/episodes/2124537'}}}}"
2004130,https://www.tvmaze.com/episodes/2004130/wwe-24-2020-12-06-keith-lee,Keith Lee,2020,7.0,regular,2020-12-06,,2020-12-06T17:00:00+00:00,60.0,{'average': None},,,{'self': {'href': 'https://api.tvmaze.com/episodes/2004130'}},"{'show': {'id': 7591, 'url': 'https://www.tvmaze.com/shows/7591/wwe-24', 'name': 'WWE 24', 'type': 'Documentary', 'language': 'English', 'genres': ['Sports'], 'status': 'Running', 'runtime': 60, 'averageRuntime': 57, 'premiered': '2015-01-26', 'ended': None, 'officialSite': 'http://network.wwe.com/shows/original/wwe-24', 'schedule': {'time': '', 'days': ['Tuesday']}, 'rating': {'average': None}, 'weight': 44, 'network': None, 'webChannel': {'id': 15, 'name': 'WWE Network', 'country': {'name': 'United States', 'code': 'US', 'timezone': 'America/New_York'}, 'officialSite': None}, 'dvdCountry': None, 'externals': {'tvrage': None, 'thetvdb': 291489, 'imdb': None}, 'image': {'medium': 'https://static.tvmaze.com/uploads/images/medium_portrait/401/1002761.jpg', 'original': 'https://static.tvmaze.com/uploads/images/original_untouched/401/1002761.jpg'}, 'summary': '<p><b>WWE 24</b> takes you behind the scenes of some of the biggest WWE Pay Per Views in WWE history.</p>', 'updated': 1648093787, '_links': {'self': {'href': 'https://api.tvmaze.com/shows/7591'}, 'previousepisode': {'href': 'https://api.tvmaze.com/episodes/2154708'}}}}"
2165929,https://www.tvmaze.com/episodes/2165929/off-topic-2020-12-06-jeremy-takes-a-tumble-260,Jeremy Takes a Tumble - #260,2020,46.0,regular,2020-12-06,,2020-12-06T17:00:00+00:00,120.0,{'average': None},,,{'self': {'href': 'https://api.tvmaze.com/episodes/2165929'}},"{'show': {'id': 18752, 'url': 'https://www.tvmaze.com/shows/18752/off-topic', 'name': 'Off Topic', 'type': 'Talk Show', 'language': 'English', 'genres': ['Comedy'], 'status': 'Running', 'runtime': 120, 'averageRuntime': 120, 'premiered': '2015-12-06', 'ended': None, 'officialSite': 'https://roosterteeth.com/series/off-topic-the-achievement-hunter-podcast', 'schedule': {'time': '', 'days': ['Sunday']}, 'rating': {'average': None}, 'weight': 39, 'network': None, 'webChannel': {'id': 32, 'name': 'Rooster Teeth', 'country': {'name': 'United States', 'code': 'US', 'timezone': 'America/New_York'}, 'officialSite': None}, 'dvdCountry': None, 'externals': {'tvrage': None, 'thetvdb': 310336, 'imdb': 'tt6468694'}, 'image': {'medium': 'https://static.tvmaze.com/uploads/images/medium_portrait/64/161570.jpg', 'original': 'https://static.tvmaze.com/uploads/images/original_untouched/64/161570.jpg'}, 'summary': '<p>The lads and lasses of Achievement Hunter congregate each week to discuss the important questions in life. Plus drink beer.</p>', 'updated': 1631187730, '_links': {'self': {'href': 'https://api.tvmaze.com/shows/18752'}, 'previousepisode': {'href': 'https://api.tvmaze.com/episodes/2165968'}}}}"
1981599,https://www.tvmaze.com/episodes/1981599/idolish7-2x12-ripples,Ripples,2,12.0,regular,2020-12-06,,2020-12-06T17:00:00+00:00,25.0,{'average': None},,"<p>IDOLiSH7 is accused of appropriating Zero's songs, so Takanashi Production holds a press conference. Nagi volunteers to face the press and explains that he was officially given the rights to the song by composer Sakura Haruki. However, a suspicious man dressed as Zero appears at the press conference, aggravating the scandal.</p>",{'self': {'href': 'https://api.tvmaze.com/episodes/1981599'}},"{'show': {'id': 33463, 'url': 'https://www.tvmaze.com/shows/33463/idolish7', 'name': 'IDOLiSH7', 'type': 'Animation', 'language': 'Japanese', 'genres': ['Anime', 'Music'], 'status': 'Running', 'runtime': 25, 'averageRuntime': 25, 'premiered': '2017-11-02', 'ended': None, 'officialSite': 'http://idolish7.com/aninana/', 'schedule': {'time': '22:30', 'days': ['Sunday']}, 'rating': {'average': None}, 'weight': 29, 'network': {'id': 132, 'name': 'Tokyo MX', 'country': {'name': 'Japan', 'code': 'JP', 'timezone': 'Asia/Tokyo'}, 'officialSite': None}, 'webChannel': None, 'dvdCountry': None, 'externals': {'tvrage': None, 'thetvdb': 337336, 'imdb': None}, 'image': {'medium': 'https://static.tvmaze.com/uploads/images/medium_portrait/295/737516.jpg', 'original': 'https://static.tvmaze.com/uploads/images/original_untouched/295/737516.jpg'}, 'summary': ""<p>A group of aspiring idols gather at Takanashi Productions and are entrusted with the company's future. The seven men who have just met represent a variety of totally different personalities. However, they each have their own charm and possess unknown potential as idols. Forming a group, they take their first step together as <b>IDOLiSH7</b>. Their brilliantly shining dancing forms onstage eventually begin captivating the hearts of the people. In the glorious but sometimes harsh world of idols, they aim for the top with dreams in their hearts!</p>"", 'updated': 1628688100, '_links': {'self': {'href': 'https://api.tvmaze.com/shows/33463'}, 'previousepisode': {'href': 'https://api.tvmaze.com/episodes/2146076'}}}}"
1975187,https://www.tvmaze.com/episodes/1975187/fancy-nancy-2x35-battle-for-the-cul-de-sac,Battle for the Cul-de-Sac,2,35.0,regular,2020-12-06,12:00,2020-12-06T17:00:00+00:00,15.0,{'average': None},,,{'self': {'href': 'https://api.tvmaze.com/episodes/1975187'}},"{'show': {'id': 34940, 'url': 'https://www.tvmaze.com/shows/34940/fancy-nancy', 'name': 'Fancy Nancy', 'type': 'Animation', 'language': 'English', 'genres': ['Comedy', 'Adventure', 'Children'], 'status': 'Running', 'runtime': 15, 'averageRuntime': 15, 'premiered': '2018-07-13', 'ended': None, 'officialSite': 'https://disneynow.com/shows/fancy-nancy', 'schedule': {'time': '12:00', 'days': ['Sunday']}, 'rating': {'average': None}, 'weight': 59, 'network': None, 'webChannel': {'id': 83, 'name': 'DisneyNOW', 'country': {'name': 'United States', 'code': 'US', 'timezone': 'America/New_York'}, 'officialSite': None}, 'dvdCountry': None, 'externals': {'tvrage': None, 'thetvdb': 348820, 'imdb': 'tt2229129'}, 'image': {'medium': 'https://static.tvmaze.com/uploads/images/medium_portrait/161/402691.jpg', 'original': 'https://static.tvmaze.com/uploads/images/original_untouched/161/402691.jpg'}, 'summary': ""<p><b>Fancy Nancy</b> centers around six-year-old Nancy, a girl who likes to be fancy in everything from her advanced vocabulary to her creative, elaborate attire. Excited to experience what the magnificent world has to offer, Nancy uses her ingenuity and imagination as she learns that while life doesn't always go as planned, it's important to celebrate the differences that make everyone unique.</p>"", 'updated': 1634948018, '_links': {'self': {'href': 'https://api.tvmaze.com/shows/34940'}, 'previousepisode': {'href': 'https://api.tvmaze.com/episodes/2199361'}}}}"
1975188,https://www.tvmaze.com/episodes/1975188/fancy-nancy-2x36-sally-merry-clancy,Sally Merry Clancy,2,36.0,regular,2020-12-06,12:00,2020-12-06T17:00:00+00:00,15.0,{'average': None},,,{'self': {'href': 'https://api.tvmaze.com/episodes/1975188'}},"{'show': {'id': 34940, 'url': 'https://www.tvmaze.com/shows/34940/fancy-nancy', 'name': 'Fancy Nancy', 'type': 'Animation', 'language': 'English', 'genres': ['Comedy', 'Adventure', 'Children'], 'status': 'Running', 'runtime': 15, 'averageRuntime': 15, 'premiered': '2018-07-13', 'ended': None, 'officialSite': 'https://disneynow.com/shows/fancy-nancy', 'schedule': {'time': '12:00', 'days': ['Sunday']}, 'rating': {'average': None}, 'weight': 59, 'network': None, 'webChannel': {'id': 83, 'name': 'DisneyNOW', 'country': {'name': 'United States', 'code': 'US', 'timezone': 'America/New_York'}, 'officialSite': None}, 'dvdCountry': None, 'externals': {'tvrage': None, 'thetvdb': 348820, 'imdb': 'tt2229129'}, 'image': {'medium': 'https://static.tvmaze.com/uploads/images/medium_portrait/161/402691.jpg', 'original': 'https://static.tvmaze.com/uploads/images/original_untouched/161/402691.jpg'}, 'summary': ""<p><b>Fancy Nancy</b> centers around six-year-old Nancy, a girl who likes to be fancy in everything from her advanced vocabulary to her creative, elaborate attire. Excited to experience what the magnificent world has to offer, Nancy uses her ingenuity and imagination as she learns that while life doesn't always go as planned, it's important to celebrate the differences that make everyone unique.</p>"", 'updated': 1634948018, '_links': {'self': {'href': 'https://api.tvmaze.com/shows/34940'}, 'previousepisode': {'href': 'https://api.tvmaze.com/episodes/2199361'}}}}"
1977560,https://www.tvmaze.com/episodes/1977560/peytons-places-2x02-john-elway,John Elway,2,2.0,regular,2020-12-06,,2020-12-06T17:00:00+00:00,30.0,{'average': None},,,{'self': {'href': 'https://api.tvmaze.com/episodes/1977560'}},"{'show': {'id': 43207, 'url': 'https://www.tvmaze.com/shows/43207/peytons-places', 'name': ""Peyton's Places"", 'type': 'Documentary', 'language': 'English', 'genres': ['History', 'Sports'], 'status': 'Running', 'runtime': 30, 'averageRuntime': 29, 'premiered': '2019-07-29', 'ended': None, 'officialSite': 'http://www.espn.com/watch/series/2043dd20-9cc0-4abe-b652-c8e7dfdfefa0/peyton-s-places', 'schedule': {'time': '', 'days': ['Sunday']}, 'rating': {'average': None}, 'weight': 41, 'network': None, 'webChannel': {'id': 265, 'name': 'ESPN+', 'country': {'name': 'United States', 'code': 'US', 'timezone': 'America/New_York'}, 'officialSite': None}, 'dvdCountry': None, 'externals': {'tvrage': None, 'thetvdb': 362863, 'imdb': 'tt10241812'}, 'image': {'medium': 'https://static.tvmaze.com/uploads/images/medium_portrait/206/516930.jpg', 'original': 'https://static.tvmaze.com/uploads/images/original_untouched/206/516930.jpg'}, 'summary': ""<p><b>Peyton's Places</b> offers a fun, insightful tour through 100 years of football, following the sport and the league's rise to an American cultural touchstone. For nearly a year, Manning has crisscrossed the country, visiting the people and places that have played an important part in the making of the NFL—highlighting memorable events, teams, players, and trends over the past century.</p>"", 'updated': 1647692257, '_links': {'self': {'href': 'https://api.tvmaze.com/shows/43207'}, 'previousepisode': {'href': 'https://api.tvmaze.com/episodes/2043448'}}}}"
1969227,https://www.tvmaze.com/episodes/1969227/til-deg-fra-meg-1x02-episode-2,Episode 2,1,2.0,regular,2020-12-06,22:20,2020-12-06T21:20:00+00:00,29.0,{'average': None},"{'medium': 'https://static.tvmaze.com/uploads/images/medium_landscape/285/714231.jpg', 'original': 'https://static.tvmaze.com/uploads/images/original_untouched/285/714231.jpg'}",,{'self': {'href': 'https://api.tvmaze.com/episodes/1969227'}},"{'show': {'id': 51894, 'url': 'https://www.tvmaze.com/shows/51894/til-deg-fra-meg', 'name': 'Til deg fra meg', 'type': 'Reality', 'language': 'Norwegian', 'genres': [], 'status': 'To Be Determined', 'runtime': 30, 'averageRuntime': 29, 'premiered': '2020-11-29', 'ended': None, 'officialSite': 'https://tv.nrk.no/serie/til-deg-fra-meg', 'schedule': {'time': '22:15', 'days': ['Sunday']}, 'rating': {'average': None}, 'weight': 2, 'network': {'id': 91, 'name': 'NRK1', 'country': {'name': 'Norway', 'code': 'NO', 'timezone': 'Europe/Oslo'}, 'officialSite': None}, 'webChannel': {'id': 238, 'name': 'NRK TV', 'country': {'name': 'Norway', 'code': 'NO', 'timezone': 'Europe/Oslo'}, 'officialSite': None}, 'dvdCountry': None, 'externals': {'tvrage': None, 'thetvdb': None, 'imdb': None}, 'image': None, 'summary': ""<p>In this year's Advent series, Per Sundnes meets people who are going to give away a Christmas song. They themselves have experienced more adversity than most of us. Who do they want to give a special Christmas song to?</p>"", 'updated': 1608504020, '_links': {'self': {'href': 'https://api.tvmaze.com/shows/51894'}, 'previousepisode': {'href': 'https://api.tvmaze.com/episodes/1969229'}}}}"
1972308,https://www.tvmaze.com/episodes/1972308/wwe-nxt-s14-special-nxt-takeover-wargames,NXT TakeOver: WarGames,14,,significant_special,2020-12-06,19:00,2020-12-07T00:00:00+00:00,180.0,{'average': None},,,{'self': {'href': 'https://api.tvmaze.com/episodes/1972308'}},"{'show': {'id': 2266, 'url': 'https://www.tvmaze.com/shows/2266/wwe-nxt', 'name': 'WWE NXT', 'type': 'Sports', 'language': 'English', 'genres': [], 'status': 'Running', 'runtime': 120, 'averageRuntime': 75, 'premiered': '2010-02-23', 'ended': None, 'officialSite': 'http://www.wwe.com/inside/networkschedule', 'schedule': {'time': '20:00', 'days': ['Tuesday']}, 'rating': {'average': 7.2}, 'weight': 88, 'network': {'id': 30, 'name': 'USA Network', 'country': {'name': 'United States', 'code': 'US', 'timezone': 'America/New_York'}, 'officialSite': None}, 'webChannel': {'id': 15, 'name': 'WWE Network', 'country': {'name': 'United States', 'code': 'US', 'timezone': 'America/New_York'}, 'officialSite': None}, 'dvdCountry': None, 'externals': {'tvrage': 25100, 'thetvdb': 144541, 'imdb': 'tt1601141'}, 'image': {'medium': 'https://static.tvmaze.com/uploads/images/medium_portrait/401/1002762.jpg', 'original': 'https://static.tvmaze.com/uploads/images/original_untouched/401/1002762.jpg'}, 'summary': ""<p>Each Wednesday at 8:00 p.m. ET, WWE Superstars and Divas of tomorrow face off on <b>WWE NXT</b><i>,</i> a one-hour weekly show that features the brightest and best of WWE's rising stars. WWE NXT showcases the Superstars and Divas from WWE's Performance Center as well as appearances from WWE Superstars and Legends in an intimate setting. WWE NXT broadcasts from the state-of-the-art Full Sail LIVE venue on the Full Sail University in campus in Orlando, Florida.</p>"", 'updated': 1651645684, '_links': {'self': {'href': 'https://api.tvmaze.com/shows/2266'}, 'previousepisode': {'href': 'https://api.tvmaze.com/episodes/2304509'}, 'nextepisode': {'href': 'https://api.tvmaze.com/episodes/2304510'}}}}"
2234688,https://www.tvmaze.com/episodes/2234688/one-mo-chance-1x08-fighting-for-love-pt-2,Fighting for Love Pt 2,1,8.0,regular,2020-12-06,20:00,2020-12-07T01:00:00+00:00,44.0,{'average': None},"{'medium': 'https://static.tvmaze.com/uploads/images/medium_landscape/382/955839.jpg', 'original': 'https://static.tvmaze.com/uploads/images/original_untouched/382/955839.jpg'}","<p>On a journey to find love, Chance invites 15 beautiful ""ladies"" into his home. Each week he will put the hopefuls through various challenges to test their compatibility among other things. However, with constant infighting between the contestants, will Chance be able to finally find his happily ever after?</p>",{'self': {'href': 'https://api.tvmaze.com/episodes/2234688'}},"{'show': {'id': 59398, 'url': 'https://www.tvmaze.com/shows/59398/one-mo-chance', 'name': ""One Mo' Chance"", 'type': 'Reality', 'language': 'English', 'genres': [], 'status': 'Running', 'runtime': None, 'averageRuntime': 47, 'premiered': '2020-10-11', 'ended': None, 'officialSite': 'https://www.thezeusnetwork.com/one-mo-chance', 'schedule': {'time': '20:00', 'days': ['Sunday']}, 'rating': {'average': None}, 'weight': 57, 'network': None, 'webChannel': {'id': 331, 'name': 'Zeus', 'country': {'name': 'United States', 'code': 'US', 'timezone': 'America/New_York'}, 'officialSite': None}, 'dvdCountry': None, 'externals': {'tvrage': None, 'thetvdb': 390130, 'imdb': 'tt14369906'}, 'image': {'medium': 'https://static.tvmaze.com/uploads/images/medium_portrait/382/955908.jpg', 'original': 'https://static.tvmaze.com/uploads/images/original_untouched/382/955908.jpg'}, 'summary': '<p>From the breakdown of his relationship with the mother of his children, to the death of his brother and partner Real,"" the last few years have been personally tough for Kamal Chance Givens.\xa0However, the original Stallionaire is now ready to get back on his horse to give love another shot.\xa0During Chance return to reality television we\'ll watch as he goes it alone to find the true love of his life in this new dating competition series.</p>', 'updated': 1649330631, '_links': {'self': {'href': 'https://api.tvmaze.com/shows/59398'}, 'previousepisode': {'href': 'https://api.tvmaze.com/episodes/2308893'}}}}"
